index; ranking; fitness; active_element_count; length; angle_xy; angle_xz; ground_plane_element_count; length; angle_xy; angle_xz; 
0; 206; 13288; 8; 0.001323; 2.740209; 2.703293; 0.056774; 0.765936; 6.757681; 0.139381; 1.508466; 4.527923; 0.116875; 0.799083; 4.430872; 0.052914; 2.783518; 7.115585; 0.274605; 0.984923; 4.796858; 0.093361; 0.052988; 5.474064; -0.184505; 0.912827; 2.106658; 4; 0.518784; 0.000000; 0.341775; 0.518784; 1.570796; 0.341775; 0.518784; 3.141593; 0.341775; 0.518784; 4.712389; 0.341775; 
1; 247; 13115; 8; 0.001381; 2.754234; 2.511974; 0.053388; 0.718654; 6.814455; 0.211083; 1.533995; 4.617752; 0.112412; 0.780243; 3.486740; 0.048246; 2.314048; 5.381611; 0.279914; 1.317153; 5.294036; 0.050349; 0.038662; 5.670525; -0.173007; 0.787694; 1.684694; 4; 0.524144; 0.000000; 0.449593; 0.524144; 1.570796; 0.449593; 0.524144; 3.141593; 0.449593; 0.524144; 4.712389; 0.449593; 
2; 170; 13011; 8; 0.001314; 2.791638; 2.986046; 0.054449; 0.680821; 6.961613; 0.135450; 1.807943; 4.959682; 0.106505; 0.975021; 3.998173; 0.087009; 2.838935; 5.254385; 0.356167; 1.214665; 4.526949; 0.055799; 0.039177; 5.197205; -0.192964; 0.980386; 2.553559; 4; 0.532962; 0.000000; 0.405242; 0.532962; 1.570796; 0.405242; 0.532962; 3.141593; 0.405242; 0.532962; 4.712389; 0.405242; 
3; 34; 12574; 8; 0.001417; 3.032618; 2.733954; 0.057995; 0.711546; 6.542454; 0.151276; 1.901487; 4.054136; 0.106835; 0.762400; 2.911418; 0.078651; 4.166565; 4.144850; 0.306291; 1.411927; 4.424055; 0.069611; 0.056648; 4.658204; -0.216613; 0.517837; 1.816605; 4; 0.521988; 0.000000; 0.535695; 0.521988; 1.570796; 0.535695; 0.521988; 3.141593; 0.535695; 0.521988; 4.712389; 0.535695; 
4; 182; 12546; 8; 0.001547; 2.951397; 2.992296; 0.060690; 0.686838; 6.845046; 0.204306; 1.529493; 4.622507; 0.112893; 0.932967; 3.238147; 0.087004; 2.253279; 5.416062; 0.434929; 1.050627; 4.445698; 0.051581; 0.040842; 5.666223; -0.204193; 0.647814; 1.682256; 4; 0.530229; 0.000000; 0.368137; 0.530229; 1.570796; 0.368137; 0.530229; 3.141593; 0.368137; 0.530229; 4.712389; 0.368137; 
5; 97; 12419; 8; 0.001477; 3.021859; 2.963679; 0.062224; 0.775471; 6.217804; 0.114415; 1.694688; 4.439610; 0.123573; 0.805022; 4.210643; 0.073807; 3.013649; 6.787633; 0.354803; 1.210783; 4.886832; 0.054930; 0.039106; 5.020782; -0.175589; 0.690097; 2.131287; 4; 0.527382; 0.000000; 0.302811; 0.527382; 1.570796; 0.302811; 0.527382; 3.141593; 0.302811; 0.527382; 4.712389; 0.302811; 
6; 237; 12371; 8; 0.001624; 2.844643; 2.450096; 0.076378; 0.688859; 6.469543; 0.131564; 1.805998; 5.684346; 0.106458; 0.911040; 4.028241; 0.070014; 3.990053; 5.488654; 0.345584; 1.674236; 4.083853; 0.055095; 0.037313; 5.850281; -0.188167; 0.387967; 2.412655; 4; 0.503146; 0.000000; 0.467929; 0.503146; 1.570796; 0.467929; 0.503146; 3.141593; 0.467929; 0.503146; 4.712389; 0.467929; 
7; 71; 12359; 8; 0.001438; 2.262960; 2.954615; 0.055442; 0.756750; 6.976876; 0.133008; 1.524699; 4.414998; 0.106313; 0.990952; 2.890527; 0.056156; 3.620937; 4.646336; 0.271078; 1.254494; 4.926400; 0.048710; 0.044122; 4.993293; -0.195775; 0.859081; 2.476601; 4; 0.524235; 0.000000; 0.526699; 0.524235; 1.570796; 0.526699; 0.524235; 3.141593; 0.526699; 0.524235; 4.712389; 0.526699; 
8; 69; 12312; 8; 0.001338; 2.805784; 2.825517; 0.052263; 0.740249; 6.950300; 0.200724; 1.560499; 4.466417; 0.106835; 1.017973; 3.381030; 0.074501; 5.399960; 5.316930; 0.299570; 1.346093; 4.633088; 0.051813; 0.039268; 5.072289; -0.174510; 0.766742; 1.749550; 4; 0.525226; 0.000000; 0.396705; 0.525226; 1.570796; 0.396705; 0.525226; 3.141593; 0.396705; 0.525226; 4.712389; 0.396705; 
9; 152; 12292; 8; 0.001349; 2.347198; 2.813477; 0.062047; 0.757637; 6.935506; 0.168746; 1.983509; 4.494660; 0.118702; 1.288085; 3.645195; 0.089976; 3.534625; 5.591091; 0.279619; 1.285687; 5.052541; 0.097167; 0.046433; 5.852434; -0.190258; 0.682713; 1.946937; 4; 0.503095; 0.000000; 0.368637; 0.503095; 1.570796; 0.368637; 0.503095; 3.141593; 0.368637; 0.503095; 4.712389; 0.368637; 
10; 232; 12278; 8; 0.001429; 2.437938; 2.855904; 0.069927; 0.787183; 6.554555; 0.202692; 1.643160; 4.859366; 0.119042; 0.816660; 4.044435; 0.067111; 3.114669; 6.883571; 0.273893; 1.055893; 4.713345; 0.092860; 0.052180; 5.038320; -0.234892; 0.651199; 2.047899; 4; 0.494091; 0.000000; 0.324039; 0.494091; 1.570796; 0.324039; 0.494091; 3.141593; 0.324039; 0.494091; 4.712389; 0.324039; 
11; 73; 12277; 8; 0.001545; 2.670271; 2.544228; 0.047995; 0.567642; 5.648660; 0.209466; 1.637984; 4.745051; 0.108718; 0.671170; 3.869381; 0.083318; 2.163919; 5.029462; 0.315624; 1.381767; 3.540412; 0.067058; 0.036640; 5.411677; -0.198159; 0.402482; 1.445836; 4; 0.531855; 0.000000; 0.341798; 0.531855; 1.570796; 0.341798; 0.531855; 3.141593; 0.341798; 0.531855; 4.712389; 0.341798; 
12; 225; 12266; 8; 0.001264; 2.982714; 2.986425; 0.053167; 0.779342; 7.093433; 0.188122; 1.659888; 5.030523; 0.110203; 0.924398; 3.850427; 0.079944; 3.713505; 5.277296; 0.336426; 1.250391; 4.472742; 0.055463; 0.037481; 5.421493; -0.181021; 0.692847; 2.578046; 4; 0.553031; 0.000000; 0.429336; 0.553031; 1.570796; 0.429336; 0.553031; 3.141593; 0.429336; 0.553031; 4.712389; 0.429336; 
13; 92; 12239; 8; 0.001543; 2.581353; 2.345357; 0.060914; 0.731595; 6.737513; 0.111802; 1.602499; 4.258638; 0.080694; 1.160344; 3.674561; 0.074858; 2.067763; 5.480869; 0.337623; 1.669053; 5.059000; 0.057131; 0.035850; 5.193112; -0.231927; 0.718748; 1.616595; 4; 0.494968; 0.000000; 0.427597; 0.494968; 1.570796; 0.427597; 0.494968; 3.141593; 0.427597; 0.494968; 4.712389; 0.427597; 
14; 27; 12159; 8; 0.001454; 3.031076; 2.477718; 0.054713; 0.751637; 6.389156; 0.145642; 1.326197; 4.606179; 0.098407; 1.149425; 3.582393; 0.085071; 3.084815; 5.224780; 0.315657; 1.272093; 4.495744; 0.054370; 0.035357; 4.839767; -0.208316; 0.672999; 2.291972; 4; 0.529377; 0.000000; 0.409618; 0.529377; 1.570796; 0.409618; 0.529377; 3.141593; 0.409618; 0.529377; 4.712389; 0.409618; 
15; 244; 12113; 8; 0.001466; 2.444077; 2.435493; 0.061284; 0.669361; 6.313694; 0.140189; 1.532262; 5.387948; 0.133694; 1.017824; 3.745164; 0.032575; 3.535481; 5.167317; 0.426167; 1.082033; 4.364791; 0.047352; 0.040635; 5.934010; -0.222933; 0.651051; 2.423713; 4; 0.522920; 0.000000; 0.408231; 0.522920; 1.570796; 0.408231; 0.522920; 3.141593; 0.408231; 0.522920; 4.712389; 0.408231; 
16; 47; 11919; 8; 0.001546; 2.789949; 2.287433; 0.052333; 0.835819; 6.482940; 0.143232; 1.360582; 4.492612; 0.144805; 1.059270; 3.720785; 0.049663; 3.303070; 5.148213; 0.340048; 1.247596; 4.664213; 0.066016; 0.039603; 4.460798; -0.180001; 0.836489; 2.153588; 4; 0.534686; 0.000000; 0.484891; 0.534686; 1.570796; 0.484891; 0.534686; 3.141593; 0.484891; 0.534686; 4.712389; 0.484891; 
17; 119; 11904; 8; 0.001762; 2.350858; 2.497104; 0.057697; 0.663843; 6.284844; 0.134017; 1.505077; 3.951693; 0.110953; 0.945458; 3.256501; 0.085001; 3.569567; 4.492009; 0.276921; 1.549186; 4.474030; 0.065413; 0.065642; 4.405126; -0.156924; 0.819748; 1.703181; 4; 0.530871; 0.000000; 0.427403; 0.530871; 1.570796; 0.427403; 0.530871; 3.141593; 0.427403; 0.530871; 4.712389; 0.427403; 
18; 75; 11845; 8; 0.001466; 2.867706; 2.428968; 0.048590; 0.722647; 6.876885; 0.135813; 1.435802; 4.630548; 0.104193; 1.157623; 3.660332; 0.034509; 2.805993; 5.322891; 0.338762; 1.247168; 4.734813; 0.056773; 0.048674; 4.264372; -0.208811; 0.449810; 2.084735; 4; 0.530933; 0.000000; 0.411018; 0.530933; 1.570796; 0.411018; 0.530933; 3.141593; 0.411018; 0.530933; 4.712389; 0.411018; 
19; 189; 11718; 8; 0.001594; 3.006129; 3.133086; 0.057418; 0.650204; 6.874138; 0.141986; 1.272912; 4.567889; 0.120792; 1.018584; 4.098572; 0.052990; 3.232330; 6.747901; 0.302675; 1.238159; 4.815128; 0.096143; 0.038403; 5.069600; -0.182048; 0.342406; 2.175515; 4; 0.512089; 0.000000; 0.304934; 0.512089; 1.570796; 0.304934; 0.512089; 3.141593; 0.304934; 0.512089; 4.712389; 0.304934; 
20; 5; 11688; 8; 0.001619; 2.831037; 2.392120; 0.071881; 0.664952; 6.353113; 0.160273; 2.069482; 5.461816; 0.103394; 0.846717; 3.910088; 0.072586; 4.141990; 5.144927; 0.271343; 1.531124; 4.046696; 0.094496; 0.047946; 5.730736; -0.161114; 0.459883; 2.373351; 4; 0.500154; 0.000000; 0.407038; 0.500154; 1.570796; 0.407038; 0.500154; 3.141593; 0.407038; 0.500154; 4.712389; 0.407038; 
21; 88; 11673; 8; 0.001426; 2.266371; 2.709494; 0.048597; 0.535769; 6.289533; 0.103674; 1.716850; 4.599178; 0.126454; 0.979385; 4.092688; 0.031691; 3.826182; 5.712350; 0.319260; 1.123313; 4.137866; 0.050900; 0.034280; 4.997458; -0.260065; 0.683879; 2.264559; 4; 0.524323; 0.000000; 0.428061; 0.524323; 1.570796; 0.428061; 0.524323; 3.141593; 0.428061; 0.524323; 4.712389; 0.428061; 
22; 186; 11668; 8; 0.001423; 3.057644; 2.463136; 0.057208; 0.771243; 6.010645; 0.182169; 1.629613; 4.370690; 0.075539; 1.130048; 2.934888; 0.049838; 3.270653; 3.977526; 0.345863; 1.124549; 4.103324; 0.052349; 0.040424; 4.894332; -0.238896; 0.546587; 1.822707; 4; 0.516539; 0.000000; 0.422799; 0.516539; 1.570796; 0.422799; 0.516539; 3.141593; 0.422799; 0.516539; 4.712389; 0.422799; 
23; 156; 11631; 8; 0.001607; 2.802428; 3.086898; 0.062368; 0.792270; 6.314852; 0.219731; 1.970870; 4.836077; 0.115382; 0.991955; 3.870875; 0.077573; 2.964789; 6.139877; 0.364159; 1.531308; 5.123483; 0.054969; 0.052162; 5.094206; -0.204803; 0.552865; 1.927625; 4; 0.530558; 0.000000; 0.263078; 0.530558; 1.570796; 0.263078; 0.530558; 3.141593; 0.263078; 0.530558; 4.712389; 0.263078; 
24; 112; 11565; 8; 0.001472; 2.681678; 2.910435; 0.061544; 0.725843; 6.678704; 0.119782; 1.731087; 4.956309; 0.121791; 0.951789; 3.813122; 0.053417; 3.495023; 4.725603; 0.342266; 1.417758; 4.151065; 0.090182; 0.039862; 5.986910; -0.195834; 0.733244; 2.150420; 4; 0.515591; 0.000000; 0.372894; 0.515591; 1.570796; 0.372894; 0.515591; 3.141593; 0.372894; 0.515591; 4.712389; 0.372894; 
25; 102; 11541; 8; 0.001478; 2.649852; 2.552390; 0.048454; 0.726364; 6.143938; 0.110062; 1.780652; 5.734667; 0.080033; 0.857204; 3.977264; 0.091035; 4.090355; 5.248153; 0.370777; 1.169691; 3.913272; 0.085854; 0.043261; 5.676263; -0.239895; 0.937433; 2.397376; 4; 0.530187; 0.000000; 0.440500; 0.530187; 1.570796; 0.440500; 0.530187; 3.141593; 0.440500; 0.530187; 4.712389; 0.440500; 
26; 42; 11519; 8; 0.001081; 2.786757; 2.772808; 0.056900; 0.732333; 6.802001; 0.132611; 1.769813; 5.191288; 0.130021; 0.787441; 4.002066; 0.070875; 3.265645; 5.129251; 0.351905; 1.079276; 4.809843; 0.047343; 0.037806; 5.021372; -0.218674; 0.523115; 2.238878; 4; 0.528353; 0.000000; 0.454128; 0.528353; 1.570796; 0.454128; 0.528353; 3.141593; 0.454128; 0.528353; 4.712389; 0.454128; 
27; 207; 11476; 8; 0.001487; 3.211111; 2.764784; 0.051957; 0.669930; 6.727287; 0.216918; 1.613084; 4.775099; 0.110660; 0.759654; 4.267127; 0.068879; 3.125005; 5.464442; 0.301587; 1.368777; 4.858329; 0.054692; 0.046401; 4.730882; -0.202461; 0.343676; 2.375016; 4; 0.506628; 0.000000; 0.438906; 0.506628; 1.570796; 0.438906; 0.506628; 3.141593; 0.438906; 0.506628; 4.712389; 0.438906; 
28; 165; 11476; 8; 0.001614; 2.671834; 2.693157; 0.075578; 0.791605; 6.482927; 0.124066; 1.743181; 4.040885; 0.106800; 0.944559; 3.398785; 0.046394; 3.871674; 5.738184; 0.284076; 1.235672; 4.696455; 0.058472; 0.040506; 5.892651; -0.252952; 0.762454; 1.783050; 4; 0.515306; 0.000000; 0.408235; 0.515306; 1.570796; 0.408235; 0.515306; 3.141593; 0.408235; 0.515306; 4.712389; 0.408235; 
29; 147; 11436; 8; 0.001876; 3.024009; 2.266886; 0.055386; 0.813349; 6.514844; 0.141956; 1.214087; 5.050661; 0.126485; 0.736536; 3.090865; 0.052981; 3.280603; 5.063005; 0.296294; 1.376156; 5.055327; 0.051553; 0.035740; 4.443500; -0.197898; 0.769267; 2.284586; 4; 0.526863; 0.000000; 0.452396; 0.526863; 1.570796; 0.452396; 0.526863; 3.141593; 0.452396; 0.526863; 4.712389; 0.452396; 
30; 132; 11434; 8; 0.001105; 2.637473; 2.800278; 0.056891; 0.810726; 6.166324; 0.191911; 1.553397; 5.081137; 0.111579; 1.118530; 2.972291; 0.090859; 2.884670; 4.181537; 0.325515; 1.326967; 4.242801; 0.060657; 0.039117; 4.697417; -0.226836; 0.734208; 1.862781; 4; 0.521957; 0.000000; 0.441537; 0.521957; 1.570796; 0.441537; 0.521957; 3.141593; 0.441537; 0.521957; 4.712389; 0.441537; 
31; 197; 11278; 8; 0.001598; 2.925638; 2.407609; 0.051046; 0.854316; 6.652120; 0.142760; 1.316846; 4.631248; 0.136450; 1.064475; 3.742560; 0.048620; 3.386003; 4.889229; 0.305978; 1.299596; 4.767626; 0.073078; 0.043129; 4.551592; -0.178837; 0.828217; 2.044226; 4; 0.516414; 0.000000; 0.473840; 0.516414; 1.570796; 0.473840; 0.516414; 3.141593; 0.473840; 0.516414; 4.712389; 0.473840; 
32; 253; 11270; 8; 0.001526; 2.349311; 2.861817; 0.060223; 0.718813; 7.142578; 0.169498; 1.981844; 4.834240; 0.079924; 1.208668; 3.863631; 0.088295; 3.436616; 6.006426; 0.275315; 1.298582; 4.914086; 0.052546; 0.043664; 5.484766; -0.194621; 0.526407; 1.896098; 4; 0.524000; 0.000000; 0.378026; 0.524000; 1.570796; 0.378026; 0.524000; 3.141593; 0.378026; 0.524000; 4.712389; 0.378026; 
33; 161; 11263; 8; 0.001399; 2.541621; 2.407632; 0.051341; 0.604337; 6.300137; 0.205246; 1.591474; 4.292373; 0.085375; 1.147410; 3.868557; 0.088170; 2.133559; 5.403107; 0.340206; 1.617052; 5.289498; 0.086251; 0.037648; 5.497418; -0.175834; 0.756611; 1.684252; 4; 0.539152; 0.000000; 0.450600; 0.539152; 1.570796; 0.450600; 0.539152; 3.141593; 0.450600; 0.539152; 4.712389; 0.450600; 
34; 0; 11259; 8; 0.001457; 2.788527; 2.607831; 0.048884; 0.766707; 6.929622; 0.171857; 1.458853; 5.258525; 0.085664; 0.898985; 3.624715; 0.081736; 3.356893; 5.067108; 0.326493; 1.574261; 4.194362; 0.061817; 0.044260; 5.765864; -0.202133; 0.486440; 2.021183; 4; 0.519788; 0.000000; 0.436137; 0.519788; 1.570796; 0.436137; 0.519788; 3.141593; 0.436137; 0.519788; 4.712389; 0.436137; 
35; 39; 11241; 8; 0.001543; 2.591934; 2.676268; 0.056080; 0.710132; 6.151017; 0.113140; 1.800485; 4.866927; 0.131661; 0.948788; 4.522917; 0.077718; 3.062625; 5.294208; 0.318888; 1.224103; 5.266608; 0.053560; 0.040915; 5.409761; -0.159630; 0.537388; 2.013893; 4; 0.507161; 0.000000; 0.467884; 0.507161; 1.570796; 0.467884; 0.507161; 3.141593; 0.467884; 0.507161; 4.712389; 0.467884; 
36; 241; 11214; 8; 0.001627; 3.066140; 2.960934; 0.063384; 0.650210; 6.496689; 0.139052; 1.493754; 4.368261; 0.103634; 0.949098; 2.974412; 0.037360; 3.211285; 5.344576; 0.410673; 1.067953; 4.387466; 0.043893; 0.040537; 5.246895; -0.205129; 0.607895; 1.640307; 4; 0.535699; 0.000000; 0.404208; 0.535699; 1.570796; 0.404208; 0.535699; 3.141593; 0.404208; 0.535699; 4.712389; 0.404208; 
37; 140; 11208; 8; 0.001719; 2.329070; 2.607875; 0.054108; 0.694061; 6.391524; 0.155312; 1.631145; 4.215387; 0.164071; 0.936329; 3.489381; 0.046356; 3.813882; 4.499091; 0.297544; 1.368438; 4.613467; 0.051149; 0.037848; 4.218830; -0.227866; 0.844544; 1.750580; 4; 0.561817; 0.000000; 0.432046; 0.561817; 1.570796; 0.432046; 0.561817; 3.141593; 0.432046; 0.561817; 4.712389; 0.432046; 
38; 14; 11186; 8; 0.001646; 2.785887; 2.758041; 0.069002; 0.691646; 6.801758; 0.101426; 1.692189; 4.909711; 0.125348; 1.168690; 3.503537; 0.078188; 3.675705; 4.905246; 0.301348; 1.769299; 4.259899; 0.083221; 0.037708; 5.374339; -0.194419; 0.857718; 1.810703; 4; 0.532624; 0.000000; 0.462333; 0.532624; 1.570796; 0.462333; 0.532624; 3.141593; 0.462333; 0.532624; 4.712389; 0.462333; 
39; 124; 11177; 8; 0.001232; 2.483736; 2.752714; 0.065660; 0.852246; 6.362768; 0.193767; 1.903331; 4.771606; 0.126795; 0.826535; 3.967206; 0.070139; 3.109390; 7.168151; 0.286334; 1.047894; 4.805082; 0.094498; 0.052593; 4.951355; -0.234781; 0.550029; 2.169369; 4; 0.502557; 0.000000; 0.325800; 0.502557; 1.570796; 0.325800; 0.502557; 3.141593; 0.325800; 0.502557; 4.712389; 0.325800; 
40; 162; 11140; 8; 0.001502; 2.862212; 2.698959; 0.046413; 0.798396; 7.185348; 0.171854; 1.655103; 5.045853; 0.123771; 0.950480; 3.710634; 0.052188; 3.695689; 5.018073; 0.351506; 1.333586; 4.160708; 0.057409; 0.068563; 5.146474; -0.190871; 0.815572; 2.273063; 4; 0.536375; 0.000000; 0.422758; 0.536375; 1.570796; 0.422758; 0.536375; 3.141593; 0.422758; 0.536375; 4.712389; 0.422758; 
41; 57; 11091; 8; 0.001626; 2.708330; 2.517578; 0.057090; 0.685729; 6.460935; 0.217287; 1.740872; 3.977667; 0.128447; 0.744228; 3.074602; 0.069137; 2.798300; 4.602647; 0.297916; 1.421953; 5.038504; 0.047873; 0.036756; 4.861116; -0.162088; 0.800735; 2.025163; 4; 0.562082; 0.000000; 0.558776; 0.562082; 1.570796; 0.558776; 0.562082; 3.141593; 0.558776; 0.562082; 4.712389; 0.558776; 
42; 227; 11017; 8; 0.001502; 2.889925; 2.527508; 0.068835; 0.846445; 6.926622; 0.117243; 1.641858; 4.322196; 0.122751; 1.067331; 3.439059; 0.082924; 2.451170; 5.639692; 0.307091; 1.378452; 5.356810; 0.053870; 0.042861; 5.578771; -0.223293; 0.661106; 1.585874; 4; 0.536538; 0.000000; 0.453245; 0.536538; 1.570796; 0.453245; 0.536538; 3.141593; 0.453245; 0.536538; 4.712389; 0.453245; 
43; 174; 10979; 8; 0.001943; 2.645797; 2.156901; 0.051987; 0.792580; 6.837845; 0.195688; 1.419801; 4.611027; 0.119797; 0.748434; 3.147058; 0.074489; 3.152354; 5.261154; 0.307131; 1.090930; 4.923458; 0.055698; 0.042434; 4.306691; -0.199290; 0.818760; 1.959663; 4; 0.533716; 0.000000; 0.473161; 0.533716; 1.570796; 0.473161; 0.533716; 3.141593; 0.473161; 0.533716; 4.712389; 0.473161; 
44; 126; 10963; 8; 0.001616; 3.156510; 2.566070; 0.057797; 0.671513; 6.207918; 0.151746; 2.012108; 5.475574; 0.124842; 0.995011; 3.445230; 0.051753; 3.432058; 4.577853; 0.280850; 1.545711; 3.935762; 0.075671; 0.047774; 5.679177; -0.190584; 0.852748; 1.914934; 4; 0.534429; 0.000000; 0.476264; 0.534429; 1.570796; 0.476264; 0.534429; 3.141593; 0.476264; 0.534429; 4.712389; 0.476264; 
45; 31; 10890; 8; 0.001652; 2.772668; 2.805202; 0.063045; 0.693154; 7.211803; 0.156540; 1.428097; 4.397614; 0.120240; 1.047755; 3.580938; 0.039535; 3.438924; 5.246979; 0.327593; 1.181472; 4.301592; 0.057823; 0.046021; 4.367831; -0.228300; 0.362207; 2.287915; 4; 0.539044; 0.000000; 0.482969; 0.539044; 1.570796; 0.482969; 0.539044; 3.141593; 0.482969; 0.539044; 4.712389; 0.482969; 
46; 2; 10870; 8; 0.001367; 2.545054; 2.663651; 0.061407; 0.546042; 6.048746; 0.224516; 1.339671; 4.165726; 0.115202; 0.823843; 4.354889; 0.090028; 3.224884; 5.746445; 0.341532; 1.456597; 3.874768; 0.051126; 0.037727; 5.062679; -0.214379; 0.397965; 1.492506; 4; 0.506652; 0.000000; 0.356867; 0.506652; 1.570796; 0.356867; 0.506652; 3.141593; 0.356867; 0.506652; 4.712389; 0.356867; 
47; 233; 10848; 8; 0.001544; 3.140592; 2.858903; 0.074642; 0.816952; 5.959837; 0.170942; 1.844687; 4.329887; 0.114954; 0.870692; 3.433991; 0.042399; 3.403802; 4.467543; 0.307779; 1.169672; 3.995198; 0.053933; 0.039863; 4.608204; -0.170160; 0.664241; 1.706444; 4; 0.541160; 0.000000; 0.407827; 0.541160; 1.570796; 0.407827; 0.541160; 3.141593; 0.407827; 0.541160; 4.712389; 0.407827; 
48; 17; 10831; 8; 0.001326; 3.307933; 2.171021; 0.059133; 0.747013; 6.517369; 0.154377; 1.597118; 4.426533; 0.128450; 0.818818; 3.472294; 0.052355; 3.719746; 4.828845; 0.299962; 1.355573; 4.947419; 0.098154; 0.043819; 4.462210; -0.193758; 0.733679; 2.134179; 4; 0.528223; 0.000000; 0.409014; 0.528223; 1.570796; 0.409014; 0.528223; 3.141593; 0.409014; 0.528223; 4.712389; 0.409014; 
49; 86; 10802; 8; 0.001515; 3.046050; 2.868224; 0.052805; 0.738280; 7.049470; 0.143669; 1.918832; 4.593984; 0.118882; 1.167340; 3.866947; 0.090342; 3.436921; 5.233335; 0.322445; 1.204119; 4.994630; 0.058268; 0.045860; 5.580491; -0.204184; 0.450806; 1.925153; 4; 0.540174; 0.000000; 0.378607; 0.540174; 1.570796; 0.378607; 0.540174; 3.141593; 0.378607; 0.540174; 4.712389; 0.378607; 
50; 208; 10743; 8; 0.001536; 2.609196; 2.668109; 0.053177; 0.735681; 7.001693; 0.165867; 2.046453; 5.122862; 0.081151; 0.870692; 3.897039; 0.060336; 2.826684; 5.149535; 0.329833; 1.558731; 4.208763; 0.047715; 0.047550; 5.419822; -0.191720; 0.493522; 1.963996; 4; 0.527595; 0.000000; 0.428968; 0.527595; 1.570796; 0.428968; 0.527595; 3.141593; 0.428968; 0.527595; 4.712389; 0.428968; 
51; 160; 10709; 8; 0.001740; 3.129779; 3.203142; 0.051676; 0.815656; 6.951353; 0.167502; 1.756349; 4.218395; 0.087993; 1.211803; 3.307019; 0.054539; 2.601353; 4.902145; 0.315766; 1.105462; 3.542129; 0.052469; 0.066805; 4.689927; -0.190358; 0.393436; 1.756188; 4; 0.528798; 0.000000; 0.401674; 0.528798; 1.570796; 0.401674; 0.528798; 3.141593; 0.401674; 0.528798; 4.712389; 0.401674; 
52; 22; 10690; 8; 0.001475; 2.330014; 3.202116; 0.059418; 0.711854; 6.418812; 0.110058; 1.882737; 4.658237; 0.117330; 0.980077; 4.012295; 0.084382; 3.364100; 6.675166; 0.386592; 0.922418; 5.051111; 0.056285; 0.051685; 5.502006; -0.188386; 0.641901; 1.894906; 4; 0.515216; 0.000000; 0.275544; 0.515216; 1.570796; 0.275544; 0.515216; 3.141593; 0.275544; 0.515216; 4.712389; 0.275544; 
53; 65; 10585; 8; 0.001696; 2.884435; 3.079630; 0.061349; 0.740155; 6.072420; 0.114555; 1.901076; 5.258921; 0.101007; 0.913471; 4.230675; 0.040322; 3.663031; 6.331664; 0.324631; 1.376767; 4.419424; 0.047518; 0.049682; 5.325910; -0.224320; 0.566268; 2.194652; 4; 0.533132; 0.000000; 0.308388; 0.533132; 1.570796; 0.308388; 0.533132; 3.141593; 0.308388; 0.533132; 4.712389; 0.308388; 
54; 44; 10569; 8; 0.001537; 2.707996; 2.848451; 0.058292; 0.680102; 6.061041; 0.121470; 1.693891; 4.678258; 0.128078; 0.986487; 4.365386; 0.086103; 2.859986; 5.507776; 0.311026; 1.423411; 4.879396; 0.072679; 0.056698; 4.935167; -0.196161; 0.724054; 1.956835; 4; 0.538880; 0.000000; 0.515025; 0.538880; 1.570796; 0.515025; 0.538880; 3.141593; 0.515025; 0.538880; 4.712389; 0.515025; 
55; 230; 10566; 8; 0.001495; 2.830480; 2.836723; 0.047548; 0.691016; 6.606757; 0.113280; 1.720588; 5.196204; 0.112022; 1.054929; 3.463857; 0.052412; 3.269208; 4.646386; 0.337726; 1.636982; 4.184317; 0.046718; 0.048744; 5.542860; -0.227060; 0.872775; 1.918410; 4; 0.543669; 0.000000; 0.467182; 0.543669; 1.570796; 0.467182; 0.543669; 3.141593; 0.467182; 0.543669; 4.712389; 0.467182; 
56; 175; 10536; 8; 0.001504; 2.547061; 2.908221; 0.055222; 0.772161; 7.049406; 0.118798; 1.696034; 5.223016; 0.112315; 1.017949; 3.766486; 0.088723; 2.921058; 5.347792; 0.315910; 1.357878; 4.406085; 0.053245; 0.039738; 4.409225; -0.184531; 0.765487; 2.303962; 4; 0.518638; 0.000000; 0.392042; 0.518638; 1.570796; 0.392042; 0.518638; 3.141593; 0.392042; 0.518638; 4.712389; 0.392042; 
57; 66; 10528; 8; 0.001658; 2.989115; 3.163524; 0.057418; 0.652595; 6.722217; 0.075498; 1.859871; 4.420587; 0.107136; 0.948774; 4.012163; 0.080644; 3.699383; 6.866429; 0.332310; 0.982126; 4.789862; 0.100073; 0.058920; 4.638656; -0.213380; 0.502118; 2.135197; 4; 0.511315; 0.000000; 0.316867; 0.511315; 1.570796; 0.316867; 0.511315; 3.141593; 0.316867; 0.511315; 4.712389; 0.316867; 
58; 195; 10464; 8; 0.001682; 3.247189; 2.781019; 0.042523; 0.604482; 6.364710; 0.106550; 1.318436; 4.237631; 0.116426; 0.957065; 4.115312; 0.054887; 3.306660; 5.928206; 0.308694; 1.442480; 5.243883; 0.072111; 0.045033; 5.608914; -0.209249; 0.791633; 1.842787; 4; 0.533165; 0.000000; 0.389418; 0.533165; 1.570796; 0.389418; 0.533165; 3.141593; 0.389418; 0.533165; 4.712389; 0.389418; 
59; 58; 10438; 8; 0.001939; 2.721283; 2.739894; 0.072741; 0.774128; 6.079808; 0.149177; 1.516762; 4.364085; 0.138996; 1.088384; 3.231111; 0.084909; 3.874416; 4.580374; 0.295634; 1.202357; 4.492760; 0.062118; 0.041094; 4.188403; -0.204515; 0.651078; 1.909923; 4; 0.533064; 0.000000; 0.409049; 0.533064; 1.570796; 0.409049; 0.533064; 3.141593; 0.409049; 0.533064; 4.712389; 0.409049; 
60; 125; 10373; 8; 0.001957; 2.808422; 2.283403; 0.046244; 0.749523; 6.511908; 0.143874; 1.205016; 4.798423; 0.117879; 0.872098; 3.333322; 0.082791; 3.719072; 4.863353; 0.317260; 1.256520; 5.283458; 0.053170; 0.038859; 4.884607; -0.179484; 0.801678; 2.229925; 4; 0.504042; 0.000000; 0.453575; 0.504042; 1.570796; 0.453575; 0.504042; 3.141593; 0.453575; 0.504042; 4.712389; 0.453575; 
61; 229; 10364; 8; 0.001588; 2.942180; 2.868879; 0.068799; 0.619314; 5.857458; 0.160971; 2.046632; 4.814469; 0.099403; 1.124903; 4.115418; 0.039079; 3.512711; 6.347750; 0.386333; 1.343755; 4.417397; 0.056317; 0.029445; 6.168336; -0.189721; 0.697618; 1.405597; 4; 0.514267; 0.000000; 0.383070; 0.514267; 1.570796; 0.383070; 0.514267; 3.141593; 0.383070; 0.514267; 4.712389; 0.383070; 
62; 251; 10308; 8; 0.001696; 2.759579; 2.800737; 0.052116; 0.674035; 7.207929; 0.123204; 1.378327; 5.667292; 0.102944; 1.064982; 3.523596; 0.091490; 2.581866; 5.628274; 0.309332; 1.346251; 3.896517; 0.098140; 0.039818; 5.236575; -0.180021; 0.941172; 2.244190; 4; 0.526390; 0.000000; 0.405001; 0.526390; 1.570796; 0.405001; 0.526390; 3.141593; 0.405001; 0.526390; 4.712389; 0.405001; 
63; 188; 10298; 8; 0.001500; 3.058964; 2.796114; 0.071417; 0.781708; 6.338173; 0.144464; 1.733340; 4.086760; 0.109550; 1.015903; 3.438629; 0.046319; 3.807391; 5.541446; 0.308780; 1.263236; 4.745277; 0.080942; 0.038039; 5.922938; -0.241529; 0.693696; 1.697683; 4; 0.549251; 0.000000; 0.419218; 0.549251; 1.570796; 0.419218; 0.549251; 3.141593; 0.419218; 0.549251; 4.712389; 0.419218; 
64; 108; 10287; 8; 0.001452; 2.954298; 3.324964; 0.062095; 0.784063; 6.271337; 0.219283; 1.824888; 4.658664; 0.124103; 0.974888; 3.880120; 0.063330; 3.634455; 5.745973; 0.290853; 1.296214; 5.045346; 0.052161; 0.049391; 5.200645; -0.198873; 0.585530; 1.938587; 4; 0.479515; 0.000000; 0.271463; 0.479515; 1.570796; 0.271463; 0.479515; 3.141593; 0.271463; 0.479515; 4.712389; 0.271463; 
65; 128; 10275; 8; 0.001598; 2.831482; 2.822489; 0.061442; 0.772640; 7.336082; 0.114756; 1.697905; 5.089596; 0.122733; 0.918952; 3.482839; 0.087082; 3.393668; 4.546563; 0.366719; 1.603608; 4.018928; 0.053655; 0.039278; 5.842359; -0.187406; 0.730887; 1.677244; 4; 0.541082; 0.000000; 0.463725; 0.541082; 1.570796; 0.463725; 0.541082; 3.141593; 0.463725; 0.541082; 4.712389; 0.463725; 
66; 115; 10268; 8; 0.001779; 2.466371; 2.817302; 0.048055; 0.864187; 6.055783; 0.142975; 1.388097; 4.739276; 0.143435; 0.924293; 4.115176; 0.069036; 2.276714; 5.793532; 0.310237; 1.724576; 4.415307; 0.053849; 0.043565; 5.046261; -0.156195; 0.684361; 1.321484; 4; 0.502573; 0.000000; 0.425796; 0.502573; 1.570796; 0.425796; 0.502573; 3.141593; 0.425796; 0.502573; 4.712389; 0.425796; 
67; 254; 10260; 8; 0.001458; 3.318740; 2.301425; 0.056137; 0.799944; 6.077817; 0.142014; 1.200712; 4.750665; 0.085838; 0.894207; 3.205850; 0.082091; 3.392520; 4.787292; 0.308494; 1.294251; 4.924900; 0.052721; 0.037325; 4.642420; -0.187277; 0.737430; 2.226387; 4; 0.506224; 0.000000; 0.438023; 0.506224; 1.570796; 0.438023; 0.506224; 3.141593; 0.438023; 0.506224; 4.712389; 0.438023; 
68; 12; 10213; 8; 0.001556; 2.555497; 2.664741; 0.050075; 0.563554; 5.728153; 0.197674; 1.634019; 4.270921; 0.148385; 0.666641; 4.077120; 0.048988; 3.344382; 5.251177; 0.312993; 1.443533; 3.478985; 0.068319; 0.038424; 5.626215; -0.203745; 0.399591; 1.539041; 4; 0.528020; 0.000000; 0.345876; 0.528020; 1.570796; 0.345876; 0.528020; 3.141593; 0.345876; 0.528020; 4.712389; 0.345876; 
69; 9; 10206; 8; 0.001394; 2.351654; 2.592167; 0.059728; 0.627203; 6.378134; 0.108634; 1.737505; 5.215278; 0.129301; 1.032427; 3.861192; 0.051996; 4.528479; 5.269385; 0.271296; 1.374332; 4.119859; 0.089889; 0.045302; 5.977287; -0.179177; 0.876124; 2.337777; 4; 0.530093; 0.000000; 0.417520; 0.530093; 1.570796; 0.417520; 0.530093; 3.141593; 0.417520; 0.530093; 4.712389; 0.417520; 
70; 60; 10199; 8; 0.001590; 3.024700; 2.570788; 0.059099; 0.701055; 6.437183; 0.109051; 1.842567; 5.260141; 0.123616; 0.774954; 4.022044; 0.089884; 4.324928; 5.320210; 0.269238; 1.217163; 3.951996; 0.088811; 0.042790; 5.759406; -0.238282; 0.925082; 2.208738; 4; 0.494077; 0.000000; 0.411601; 0.494077; 1.570796; 0.411601; 0.494077; 3.141593; 0.411601; 0.494077; 4.712389; 0.411601; 
71; 114; 10191; 8; 0.001663; 2.782683; 3.249222; 0.050158; 0.705719; 7.062996; 0.105902; 1.929599; 4.747895; 0.116150; 1.143906; 4.549431; 0.032438; 3.017638; 6.058993; 0.319961; 1.155693; 4.964944; 0.049212; 0.063936; 5.439035; -0.221056; 0.552415; 2.157069; 4; 0.525476; 0.000000; 0.322354; 0.525476; 1.570796; 0.322354; 0.525476; 3.141593; 0.322354; 0.525476; 4.712389; 0.322354; 
72; 166; 10158; 8; 0.001544; 2.764029; 2.845402; 0.051977; 0.730527; 5.991175; 0.169198; 2.046710; 4.744597; 0.100739; 1.255844; 3.713414; 0.040169; 3.737157; 5.194818; 0.345507; 1.475409; 4.646916; 0.053698; 0.043706; 5.364531; -0.182997; 0.393860; 1.866361; 4; 0.489104; 0.000000; 0.392796; 0.489104; 1.570796; 0.392796; 0.489104; 3.141593; 0.392796; 0.489104; 4.712389; 0.392796; 
73; 205; 10104; 8; 0.001096; 2.601957; 2.273427; 0.055629; 0.740412; 7.076068; 0.183105; 1.371797; 4.272258; 0.117412; 0.889327; 3.296487; 0.052529; 3.404206; 5.095834; 0.321636; 1.358429; 4.539538; 0.095207; 0.039763; 4.372208; -0.200474; 0.815448; 2.150902; 4; 0.526100; 0.000000; 0.431484; 0.526100; 1.570796; 0.431484; 0.526100; 3.141593; 0.431484; 0.526100; 4.712389; 0.431484; 
74; 82; 10058; 8; 0.001495; 3.502368; 2.699211; 0.062174; 0.769612; 6.720933; 0.107921; 1.461191; 4.229433; 0.124939; 1.103816; 3.288524; 0.091442; 3.474950; 4.359005; 0.313755; 1.191951; 4.372820; 0.052494; 0.041559; 4.817602; -0.247800; 0.679527; 1.712728; 4; 0.520570; 0.000000; 0.423744; 0.520570; 1.570796; 0.423744; 0.520570; 3.141593; 0.423744; 0.520570; 4.712389; 0.423744; 
75; 10; 10052; 8; 0.001941; 2.656718; 2.469149; 0.055939; 0.803836; 6.554248; 0.148309; 1.779726; 4.349243; 0.116923; 1.091628; 3.701727; 0.087749; 2.406511; 5.070144; 0.311125; 1.347991; 5.256211; 0.051496; 0.054942; 5.860260; -0.183737; 0.348600; 1.572255; 4; 0.515791; 0.000000; 0.411268; 0.515791; 1.570796; 0.411268; 0.515791; 3.141593; 0.411268; 0.515791; 4.712389; 0.411268; 
76; 122; 10022; 8; 0.001304; 2.962976; 2.839219; 0.052683; 0.697433; 6.710775; 0.077085; 1.656769; 4.753068; 0.116687; 0.719715; 3.511749; 0.068440; 3.967666; 4.697750; 0.309403; 1.375429; 4.552603; 0.084359; 0.038837; 5.411879; -0.287422; 0.302988; 1.927272; 4; 0.528328; 0.000000; 0.433024; 0.528328; 1.570796; 0.433024; 0.528328; 3.141593; 0.433024; 0.528328; 4.712389; 0.433024; 
77; 96; 10018; 8; 0.001626; 3.112869; 3.263180; 0.052192; 0.626400; 7.010954; 0.145218; 1.868261; 4.491471; 0.097387; 1.004913; 4.085378; 0.087811; 3.123343; 6.969408; 0.322701; 1.192361; 5.051720; 0.056046; 0.035546; 4.987855; -0.188280; 0.570442; 2.170528; 4; 0.460893; 0.000000; 0.319838; 0.460893; 1.570796; 0.319838; 0.460893; 3.141593; 0.319838; 0.460893; 4.712389; 0.319838; 
78; 38; 10002; 8; 0.001663; 2.824253; 2.459531; 0.049861; 0.852193; 5.848576; 0.156034; 1.937175; 4.161040; 0.100439; 1.030240; 3.631956; 0.038890; 3.563704; 6.785501; 0.340092; 1.321911; 5.517549; 0.051517; 0.072156; 3.733764; -0.189847; 0.848033; 1.546775; 4; 0.530734; 0.000000; 0.366196; 0.530734; 1.570796; 0.366196; 0.530734; 3.141593; 0.366196; 0.530734; 4.712389; 0.366196; 
79; 141; 9966; 8; 0.001747; 2.640391; 2.732047; 0.061199; 0.754643; 5.966805; 0.200989; 1.815548; 5.299745; 0.122104; 1.072746; 2.973947; 0.084780; 3.269139; 5.367747; 0.306431; 1.553352; 4.206688; 0.052067; 0.046050; 5.882659; -0.215271; 0.543494; 1.867826; 4; 0.526834; 0.000000; 0.482755; 0.526834; 1.570796; 0.482755; 0.526834; 3.141593; 0.482755; 0.526834; 4.712389; 0.482755; 
80; 193; 9943; 8; 0.001594; 2.992693; 2.538559; 0.056493; 0.849068; 6.284215; 0.205846; 1.605601; 4.244457; 0.106042; 0.956896; 3.529792; 0.039948; 3.806558; 6.160280; 0.378476; 1.357040; 5.215207; 0.054705; 0.071610; 3.743925; -0.193939; 0.896997; 1.561903; 4; 0.482968; 0.000000; 0.340524; 0.482968; 1.570796; 0.340524; 0.482968; 3.141593; 0.340524; 0.482968; 4.712389; 0.340524; 
81; 80; 9904; 8; 0.001907; 2.796754; 3.275265; 0.069525; 0.732189; 6.187119; 0.142787; 1.921245; 5.101068; 0.116507; 0.845840; 4.765671; 0.087334; 3.242810; 6.682737; 0.295530; 1.480235; 4.833645; 0.046186; 0.054180; 5.104886; -0.206104; 0.715344; 2.215878; 4; 0.529126; 0.000000; 0.307701; 0.529126; 1.570796; 0.307701; 0.529126; 3.141593; 0.307701; 0.529126; 4.712389; 0.307701; 
82; 53; 9889; 8; 0.001612; 3.529053; 2.771365; 0.055146; 0.619502; 6.289218; 0.146894; 1.735153; 5.400880; 0.094088; 0.951076; 3.469667; 0.078467; 3.660570; 5.167380; 0.357230; 1.646377; 4.601763; 0.062419; 0.037270; 5.309535; -0.204275; 0.376411; 1.934802; 4; 0.499314; 0.000000; 0.412712; 0.499314; 1.570796; 0.412712; 0.499314; 3.141593; 0.412712; 0.499314; 4.712389; 0.412712; 
83; 21; 9851; 8; 0.001664; 3.020879; 2.607368; 0.057323; 0.691524; 6.683175; 0.178520; 1.980179; 4.496285; 0.121800; 0.872655; 3.642616; 0.065726; 3.585521; 5.459759; 0.321131; 1.453457; 5.232438; 0.075641; 0.045400; 5.835520; -0.255639; 0.667149; 1.821659; 4; 0.502735; 0.000000; 0.434984; 0.502735; 1.570796; 0.434984; 0.502735; 3.141593; 0.434984; 0.502735; 4.712389; 0.434984; 
84; 145; 9841; 8; 0.001573; 3.255946; 2.743440; 0.051773; 0.625641; 6.804031; 0.116299; 1.607425; 5.473894; 0.110133; 0.916296; 3.220758; 0.074395; 3.829811; 5.117957; 0.360735; 1.637105; 4.165741; 0.071521; 0.051740; 5.770167; -0.185013; 0.860715; 1.994155; 4; 0.519011; 0.000000; 0.412416; 0.519011; 1.570796; 0.412416; 0.519011; 3.141593; 0.412416; 0.519011; 4.712389; 0.412416; 
85; 250; 9821; 8; 0.001648; 2.929645; 2.757549; 0.043194; 0.723161; 6.210292; 0.111334; 1.729032; 4.554089; 0.103274; 0.918600; 3.256453; 0.080733; 3.096442; 5.041704; 0.322719; 1.689501; 4.198282; 0.052506; 0.039159; 5.551952; -0.198950; 0.900064; 1.824946; 4; 0.535330; 0.000000; 0.471244; 0.535330; 1.570796; 0.471244; 0.535330; 3.141593; 0.471244; 0.535330; 4.712389; 0.471244; 
86; 235; 9794; 8; 0.001763; 2.433439; 2.643433; 0.068763; 0.893042; 7.000345; 0.205353; 1.512464; 5.215587; 0.105812; 0.891943; 3.470236; 0.044194; 3.166844; 5.532829; 0.337922; 1.435909; 4.515088; 0.044188; 0.044967; 5.459866; -0.158782; 0.446819; 1.876806; 4; 0.481693; 0.000000; 0.420353; 0.481693; 1.570796; 0.420353; 0.481693; 3.141593; 0.420353; 0.481693; 4.712389; 0.420353; 
87; 183; 9750; 8; 0.001324; 3.087897; 2.822423; 0.048538; 0.851009; 6.467731; 0.203712; 1.342628; 4.706139; 0.121459; 0.853470; 3.328875; 0.068622; 2.986879; 5.734506; 0.350360; 1.219878; 4.443820; 0.051498; 0.047354; 4.728233; -0.174899; 0.826631; 2.024801; 4; 0.513511; 0.000000; 0.516454; 0.513511; 1.570796; 0.516454; 0.513511; 3.141593; 0.516454; 0.513511; 4.712389; 0.516454; 
88; 100; 9733; 8; 0.001219; 2.624122; 2.639899; 0.054131; 0.831068; 6.664780; 0.185666; 1.774145; 5.455557; 0.113262; 0.915013; 3.304067; 0.085774; 3.784747; 5.157640; 0.361288; 1.721545; 4.068508; 0.044843; 0.050913; 5.418215; -0.265053; 0.643728; 2.039364; 4; 0.563979; 0.000000; 0.453219; 0.563979; 1.570796; 0.453219; 0.563979; 3.141593; 0.453219; 0.563979; 4.712389; 0.453219; 
89; 36; 9723; 8; 0.001622; 3.463308; 2.042714; 0.044846; 0.700013; 6.053864; 0.105387; 1.379465; 4.485452; 0.107429; 1.053567; 3.503291; 0.067217; 3.233895; 5.429353; 0.334766; 1.071716; 4.928975; 0.095605; 0.046812; 6.313886; -0.214816; 0.673552; 1.389798; 4; 0.535505; 0.000000; 0.421342; 0.535505; 1.570796; 0.421342; 0.535505; 3.141593; 0.421342; 0.535505; 4.712389; 0.421342; 
90; 191; 9723; 8; 0.001188; 2.791134; 2.781902; 0.054366; 0.839077; 6.491178; 0.115936; 1.745766; 4.466705; 0.113330; 1.013440; 4.174353; 0.073918; 3.200187; 6.562230; 0.321825; 1.027296; 5.357290; 0.095650; 0.048806; 5.670360; -0.270957; 0.541179; 2.061374; 4; 0.527173; 0.000000; 0.251387; 0.527173; 1.570796; 0.251387; 0.527173; 3.141593; 0.251387; 0.527173; 4.712389; 0.251387; 
91; 200; 9722; 8; 0.001786; 2.317378; 2.677484; 0.060594; 0.842253; 6.422356; 0.128253; 1.401172; 4.177784; 0.129081; 0.833544; 3.943937; 0.053669; 3.380375; 6.493624; 0.321104; 0.939101; 4.777739; 0.056653; 0.066823; 5.881041; -0.214755; 0.797369; 1.840321; 4; 0.504295; 0.000000; 0.390185; 0.504295; 1.570796; 0.390185; 0.504295; 3.141593; 0.390185; 0.504295; 4.712389; 0.390185; 
92; 111; 9719; 8; 0.001699; 3.697018; 2.538435; 0.050848; 0.538687; 5.949867; 0.117283; 1.214373; 4.932657; 0.088646; 1.041912; 3.428767; 0.070927; 2.977808; 4.888266; 0.268192; 1.244199; 5.232047; 0.065822; 0.045408; 5.607469; -0.212581; 0.744980; 2.001818; 4; 0.516223; 0.000000; 0.424816; 0.516223; 1.570796; 0.424816; 0.516223; 3.141593; 0.424816; 0.516223; 4.712389; 0.424816; 
93; 93; 9708; 8; 0.001464; 2.568617; 3.201610; 0.051022; 0.727856; 6.742234; 0.167946; 1.986861; 4.319887; 0.083692; 0.899519; 3.413238; 0.079078; 3.615149; 5.250909; 0.294711; 1.287052; 4.790800; 0.058178; 0.036822; 5.096494; -0.202149; 0.536206; 2.536850; 4; 0.527332; 0.000000; 0.554411; 0.527332; 1.570796; 0.554411; 0.527332; 3.141593; 0.554411; 0.527332; 4.712389; 0.554411; 
94; 143; 9698; 8; 0.001589; 3.080763; 2.123283; 0.060934; 0.675485; 6.838609; 0.178946; 1.735756; 4.399528; 0.128470; 0.839617; 3.697607; 0.087019; 4.067270; 5.014554; 0.364525; 1.502979; 4.857103; 0.055039; 0.036575; 4.470865; -0.169624; 0.809149; 2.094854; 4; 0.509570; 0.000000; 0.412401; 0.509570; 1.570796; 0.412401; 0.509570; 3.141593; 0.412401; 0.509570; 4.712389; 0.412401; 
95; 33; 9687; 8; 0.001534; 3.585663; 2.442896; 0.058916; 0.617807; 6.599903; 0.157940; 0.983743; 4.284735; 0.121006; 0.821033; 3.687381; 0.079589; 3.524205; 5.641176; 0.306160; 1.385984; 5.087708; 0.052353; 0.039100; 4.733114; -0.203215; 0.522444; 1.722008; 4; 0.526083; 0.000000; 0.489967; 0.526083; 1.570796; 0.489967; 0.526083; 3.141593; 0.489967; 0.526083; 4.712389; 0.489967; 
96; 4; 9659; 8; 0.001732; 2.759906; 2.600115; 0.057838; 0.732675; 5.762659; 0.235480; 1.852242; 4.285150; 0.119014; 0.698109; 3.174941; 0.056950; 3.308796; 3.866730; 0.333072; 1.401650; 3.828014; 0.054160; 0.039147; 4.657729; -0.208623; 0.501522; 1.829240; 4; 0.518473; 0.000000; 0.388329; 0.518473; 1.570796; 0.388329; 0.518473; 3.141593; 0.388329; 0.518473; 4.712389; 0.388329; 
97; 54; 9636; 8; 0.001550; 2.789572; 2.655263; 0.071851; 0.700565; 6.848773; 0.106271; 1.773680; 5.746184; 0.102294; 0.843661; 4.265354; 0.071240; 4.108277; 5.501975; 0.371662; 1.448202; 4.091067; 0.051981; 0.048579; 6.042860; -0.230796; 0.671134; 2.302344; 4; 0.532755; 0.000000; 0.427292; 0.532755; 1.570796; 0.427292; 0.532755; 3.141593; 0.427292; 0.532755; 4.712389; 0.427292; 
98; 84; 9624; 8; 0.001444; 2.686633; 2.702622; 0.050281; 0.548049; 6.097950; 0.106784; 1.621748; 4.360301; 0.113912; 0.805701; 3.963492; 0.085118; 3.571708; 5.496629; 0.371587; 1.429020; 3.808471; 0.075324; 0.040121; 5.199443; -0.212713; 0.918775; 1.385330; 4; 0.489176; 0.000000; 0.328298; 0.489176; 1.570796; 0.328298; 0.489176; 3.141593; 0.328298; 0.489176; 4.712389; 0.328298; 
99; 109; 9610; 8; 0.001491; 3.014335; 2.691168; 0.049185; 0.646928; 6.097670; 0.120107; 1.640364; 5.681469; 0.118607; 1.257282; 3.710401; 0.066488; 4.035435; 5.539974; 0.351119; 1.630202; 4.090018; 0.074852; 0.037304; 6.252380; -0.192123; 0.812086; 2.341030; 4; 0.553901; 0.000000; 0.434250; 0.553901; 1.570796; 0.434250; 0.553901; 3.141593; 0.434250; 0.553901; 4.712389; 0.434250; 
100; 6; 9582; 8; 0.001614; 2.698958; 3.096879; 0.057001; 0.781878; 6.053476; 0.188906; 1.589080; 4.250109; 0.116417; 0.804869; 3.951259; 0.037268; 2.739406; 6.187150; 0.330839; 1.488978; 4.272983; 0.054331; 0.040848; 6.139065; -0.216051; 0.316112; 1.775709; 4; 0.516618; 0.000000; 0.358710; 0.516618; 1.570796; 0.358710; 0.516618; 3.141593; 0.358710; 0.516618; 4.712389; 0.358710; 
101; 187; 9581; 8; 0.001465; 2.813032; 2.684379; 0.049691; 0.716145; 6.296626; 0.069868; 1.841269; 4.057496; 0.083214; 0.950743; 2.974223; 0.077379; 4.106788; 3.954316; 0.331682; 1.436523; 4.556215; 0.075392; 0.057578; 4.894813; -0.196938; 0.502275; 1.843190; 4; 0.522681; 0.000000; 0.517721; 0.522681; 1.570796; 0.517721; 0.522681; 3.141593; 0.517721; 0.522681; 4.712389; 0.517721; 
102; 28; 9567; 8; 0.001578; 3.075771; 3.340202; 0.052266; 0.904814; 6.710866; 0.142421; 1.913797; 4.431124; 0.123827; 0.831633; 3.327842; 0.052626; 2.864055; 4.747967; 0.296690; 1.580983; 3.424543; 0.061469; 0.072571; 4.789341; -0.205409; 0.425785; 1.440289; 4; 0.504521; 0.000000; 0.427516; 0.504521; 1.570796; 0.427516; 0.504521; 3.141593; 0.427516; 0.504521; 4.712389; 0.427516; 
103; 94; 9566; 8; 0.001551; 2.664141; 2.187736; 0.051123; 0.527590; 6.361229; 0.192704; 1.362221; 4.799516; 0.143220; 0.777273; 3.427080; 0.050389; 3.933865; 4.785281; 0.319618; 1.469950; 5.162632; 0.066129; 0.045460; 4.514635; -0.203954; 0.797009; 2.142783; 4; 0.473529; 0.000000; 0.401916; 0.473529; 1.570796; 0.401916; 0.473529; 3.141593; 0.401916; 0.473529; 4.712389; 0.401916; 
104; 136; 9481; 8; 0.001359; 3.063066; 2.773236; 0.054506; 0.880077; 6.017848; 0.186278; 1.470257; 5.045437; 0.114823; 0.850573; 3.365092; 0.040436; 2.834180; 5.696995; 0.360012; 1.145029; 4.468519; 0.048105; 0.069301; 4.507744; -0.146459; 0.774948; 1.965423; 4; 0.522556; 0.000000; 0.504668; 0.522556; 1.570796; 0.504668; 0.522556; 3.141593; 0.504668; 0.522556; 4.712389; 0.504668; 
105; 236; 9465; 8; 0.001383; 3.286478; 2.855833; 0.050274; 0.637050; 6.069624; 0.214746; 1.605430; 4.953341; 0.098624; 0.989033; 3.490812; 0.081482; 3.840275; 6.305161; 0.338281; 1.181236; 4.784303; 0.049974; 0.031244; 5.877587; -0.209594; 0.752418; 1.554748; 4; 0.556846; 0.000000; 0.381338; 0.556846; 1.570796; 0.381338; 0.556846; 3.141593; 0.381338; 0.556846; 4.712389; 0.381338; 
106; 137; 9461; 8; 0.001584; 2.658414; 2.772569; 0.053073; 0.673490; 6.071326; 0.153682; 1.969068; 5.285969; 0.090508; 0.937331; 3.453470; 0.076850; 3.639281; 4.934684; 0.341514; 1.424606; 4.212771; 0.050653; 0.037118; 5.447497; -0.179200; 0.492120; 2.015806; 4; 0.555292; 0.000000; 0.438211; 0.555292; 1.570796; 0.438211; 0.555292; 3.141593; 0.438211; 0.555292; 4.712389; 0.438211; 
107; 223; 9426; 8; 0.001587; 2.812610; 2.459818; 0.069839; 0.692718; 6.040596; 0.108032; 1.802691; 5.514823; 0.102885; 1.094083; 3.782959; 0.072995; 3.960905; 5.246897; 0.309530; 1.364749; 4.433069; 0.053335; 0.031502; 5.653036; -0.158586; 0.617105; 2.369552; 4; 0.528039; 0.000000; 0.406347; 0.528039; 1.570796; 0.406347; 0.528039; 3.141593; 0.406347; 0.528039; 4.712389; 0.406347; 
108; 172; 9419; 8; 0.001942; 2.689253; 2.142016; 0.051767; 0.648503; 6.581178; 0.139677; 1.418124; 4.460238; 0.122608; 0.745001; 3.110848; 0.080215; 5.683093; 5.150233; 0.320708; 1.309075; 4.684269; 0.055876; 0.039662; 4.286143; -0.183797; 0.810018; 1.964068; 4; 0.476333; 0.000000; 0.469646; 0.476333; 1.570796; 0.469646; 0.476333; 3.141593; 0.469646; 0.476333; 4.712389; 0.469646; 
109; 164; 9343; 8; 0.001641; 3.195618; 2.979760; 0.056000; 0.767193; 7.343454; 0.172043; 1.470848; 4.103651; 0.149370; 1.219115; 3.344809; 0.068118; 2.524092; 4.931734; 0.334207; 1.118919; 3.641852; 0.059643; 0.044974; 4.611979; -0.170897; 0.382872; 1.651652; 4; 0.527902; 0.000000; 0.390607; 0.527902; 1.570796; 0.390607; 0.527902; 3.141593; 0.390607; 0.527902; 4.712389; 0.390607; 
110; 163; 9336; 8; 0.001554; 2.811324; 2.344679; 0.057072; 0.787477; 6.350565; 0.138210; 1.304022; 5.154923; 0.126608; 0.936877; 3.584372; 0.088967; 3.023806; 5.132054; 0.328431; 1.270704; 4.961405; 0.099491; 0.045169; 4.983527; -0.207666; 0.651647; 2.107822; 4; 0.526655; 0.000000; 0.409571; 0.526655; 1.570796; 0.409571; 0.526655; 3.141593; 0.409571; 0.526655; 4.712389; 0.409571; 
111; 157; 9263; 8; 0.001156; 2.985150; 2.893154; 0.055402; 0.722057; 6.766822; 0.150687; 1.985049; 4.371165; 0.117317; 0.764530; 3.147781; 0.091034; 2.888418; 6.154175; 0.324117; 1.457512; 4.922085; 0.092623; 0.030707; 5.538579; -0.285083; 0.667180; 1.695649; 4; 0.532064; 0.000000; 0.434497; 0.532064; 1.570796; 0.434497; 0.532064; 3.141593; 0.434497; 0.532064; 4.712389; 0.434497; 
112; 89; 9260; 8; 0.001287; 2.542587; 2.374395; 0.063163; 0.785363; 6.610514; 0.201637; 1.683133; 4.892230; 0.087213; 1.150097; 3.642171; 0.071231; 3.163330; 5.465291; 0.347751; 1.616664; 5.252943; 0.055574; 0.037245; 5.181595; -0.236704; 0.489559; 1.592618; 4; 0.488061; 0.000000; 0.441841; 0.488061; 1.570796; 0.441841; 0.488061; 3.141593; 0.441841; 0.488061; 4.712389; 0.441841; 
113; 91; 9255; 8; 0.001509; 2.701750; 2.738779; 0.047274; 0.721150; 6.769653; 0.112758; 1.843260; 4.981278; 0.132057; 0.949033; 3.513427; 0.054558; 2.896784; 4.423887; 0.356957; 1.715314; 4.327471; 0.091105; 0.041432; 5.583136; -0.205381; 0.743566; 1.856869; 4; 0.493123; 0.000000; 0.488555; 0.493123; 1.570796; 0.488555; 0.493123; 3.141593; 0.488555; 0.493123; 4.712389; 0.488555; 
114; 167; 9239; 8; 0.001930; 3.048719; 3.168367; 0.043023; 0.720101; 6.626330; 0.188786; 1.785098; 4.399174; 0.130120; 0.862377; 4.218861; 0.073351; 3.000964; 7.223799; 0.312935; 1.051675; 4.787408; 0.090807; 0.061443; 4.822928; -0.239348; 0.514492; 2.091937; 4; 0.537358; 0.000000; 0.288559; 0.537358; 1.570796; 0.288559; 0.537358; 3.141593; 0.288559; 0.537358; 4.712389; 0.288559; 
115; 144; 9233; 8; 0.001936; 2.218751; 2.540368; 0.059237; 0.674312; 6.430565; 0.158839; 1.509882; 3.857791; 0.115652; 0.880439; 3.153064; 0.052334; 3.247419; 4.278395; 0.290356; 1.347626; 4.778671; 0.043922; 0.038863; 4.313297; -0.207856; 0.808496; 1.714556; 4; 0.477150; 0.000000; 0.425436; 0.477150; 1.570796; 0.425436; 0.477150; 3.141593; 0.425436; 0.477150; 4.712389; 0.425436; 
116; 209; 9203; 8; 0.001483; 2.562284; 3.168500; 0.057843; 0.704443; 6.445170; 0.123528; 1.682172; 4.422442; 0.132757; 0.707272; 2.986301; 0.049589; 4.104741; 5.316807; 0.388980; 1.048021; 4.507574; 0.050100; 0.035278; 4.587372; -0.212263; 0.612135; 2.529810; 4; 0.511154; 0.000000; 0.501971; 0.511154; 1.570796; 0.501971; 0.511154; 3.141593; 0.501971; 0.511154; 4.712389; 0.501971; 
117; 199; 9187; 8; 0.001838; 2.914099; 2.758971; 0.055882; 0.719874; 6.341041; 0.152708; 1.757421; 5.194681; 0.124286; 1.125113; 2.977000; 0.080629; 3.436002; 4.904944; 0.353639; 1.593791; 4.248453; 0.095809; 0.039245; 6.066555; -0.205878; 0.800587; 1.834578; 4; 0.502899; 0.000000; 0.483100; 0.502899; 1.570796; 0.483100; 0.502899; 3.141593; 0.483100; 0.502899; 4.712389; 0.483100; 
118; 15; 9178; 8; 0.001412; 2.976168; 3.483013; 0.063233; 0.807342; 6.460942; 0.138684; 1.329879; 4.948419; 0.138302; 1.091379; 4.792924; 0.056371; 3.334473; 6.257517; 0.318287; 1.094012; 5.311120; 0.054687; 0.049530; 5.450887; -0.189085; 0.537670; 2.295556; 4; 0.527905; 0.000000; 0.301226; 0.527905; 1.570796; 0.301226; 0.527905; 3.141593; 0.301226; 0.527905; 4.712389; 0.301226; 
119; 226; 9164; 8; 0.001737; 2.566075; 2.607440; 0.054788; 0.560300; 6.013040; 0.203863; 1.433693; 4.264603; 0.110102; 0.905891; 4.061004; 0.051364; 3.334954; 5.806392; 0.354974; 1.438483; 4.117423; 0.098038; 0.037854; 5.012436; -0.213892; 0.409212; 1.420747; 4; 0.523757; 0.000000; 0.340719; 0.523757; 1.570796; 0.340719; 0.523757; 3.141593; 0.340719; 0.523757; 4.712389; 0.340719; 
120; 135; 9157; 8; 0.001434; 3.338611; 2.583283; 0.041476; 0.593846; 6.067263; 0.120974; 1.721611; 4.500468; 0.107448; 0.737900; 4.294829; 0.052644; 3.485953; 6.129058; 0.297629; 1.284756; 4.827029; 0.096964; 0.038616; 5.694973; -0.209668; 0.761583; 1.886934; 4; 0.554102; 0.000000; 0.367982; 0.554102; 1.570796; 0.367982; 0.554102; 3.141593; 0.367982; 0.554102; 4.712389; 0.367982; 
121; 106; 9112; 8; 0.001504; 3.798847; 2.783606; 0.075773; 0.821751; 5.942753; 0.192478; 1.690241; 4.636576; 0.115711; 0.844132; 3.456536; 0.082429; 3.554481; 3.999721; 0.323769; 1.310880; 4.189196; 0.059179; 0.037663; 3.835357; -0.185014; 0.674702; 1.832087; 4; 0.531972; 0.000000; 0.455490; 0.531972; 1.570796; 0.455490; 0.531972; 3.141593; 0.455490; 0.531972; 4.712389; 0.455490; 
122; 105; 9107; 8; 0.001582; 2.945885; 2.670019; 0.058613; 0.688666; 5.461991; 0.141332; 1.489356; 4.624952; 0.117288; 1.161466; 4.289784; 0.052183; 3.611873; 6.744414; 0.326845; 1.383131; 4.270470; 0.053510; 0.029571; 5.860321; -0.256045; 0.739903; 1.500015; 4; 0.513669; 0.000000; 0.375558; 0.513669; 1.570796; 0.375558; 0.513669; 3.141593; 0.375558; 0.513669; 4.712389; 0.375558; 
123; 63; 9084; 8; 0.001665; 3.309889; 2.897833; 0.045255; 0.626898; 6.502191; 0.220126; 1.975539; 4.833013; 0.137215; 0.956724; 4.145960; 0.069733; 3.032046; 6.305736; 0.321118; 1.434786; 5.364065; 0.094700; 0.038994; 5.045308; -0.194501; 0.568524; 1.843361; 4; 0.496406; 0.000000; 0.254422; 0.496406; 1.570796; 0.254422; 0.496406; 3.141593; 0.254422; 0.496406; 4.712389; 0.254422; 
124; 243; 9083; 8; 0.001819; 3.065784; 2.671947; 0.065472; 0.612266; 5.780246; 0.119934; 1.691343; 4.535855; 0.106674; 0.795032; 3.278840; 0.096794; 4.259500; 7.492857; 0.332817; 1.551339; 4.026224; 0.077573; 0.053387; 5.501770; -0.243828; 0.700348; 1.824171; 4; 0.532654; 0.000000; 0.501015; 0.532654; 1.570796; 0.501015; 0.532654; 3.141593; 0.501015; 0.532654; 4.712389; 0.501015; 
125; 154; 9082; 8; 0.001481; 2.506825; 2.340986; 0.053984; 0.695135; 6.261804; 0.223714; 1.869595; 4.893549; 0.084143; 1.293325; 3.114055; 0.052669; 4.858348; 6.414521; 0.360573; 1.436245; 4.635867; 0.054841; 0.044402; 5.968979; -0.222776; 0.541431; 1.776515; 4; 0.540943; 0.000000; 0.462880; 0.540943; 1.570796; 0.462880; 0.540943; 3.141593; 0.462880; 0.540943; 4.712389; 0.462880; 
126; 118; 9079; 8; 0.001408; 2.823837; 2.786538; 0.057810; 0.755361; 7.077341; 0.111612; 1.678621; 5.167418; 0.111022; 0.826457; 3.324613; 0.099700; 3.717106; 5.243902; 0.352421; 1.539695; 4.175639; 0.049249; 0.039909; 6.009235; -0.193689; 0.626748; 1.729676; 4; 0.518195; 0.000000; 0.462598; 0.518195; 1.570796; 0.462598; 0.518195; 3.141593; 0.462598; 0.518195; 4.712389; 0.462598; 
127; 79; 9051; 8; 0.001518; 2.475388; 3.269150; 0.053322; 0.766970; 7.032521; 0.117951; 2.072232; 4.509717; 0.133430; 0.669904; 3.240493; 0.063360; 3.431386; 4.942195; 0.321999; 1.349871; 4.494221; 0.053392; 0.034785; 5.105130; -0.217164; 0.520755; 2.595938; 4; 0.509558; 0.000000; 0.554940; 0.509558; 1.570796; 0.554940; 0.509558; 3.141593; 0.554940; 0.509558; 4.712389; 0.554940; 
128; 192; 9021; 8; 0.001271; 2.528040; 2.685703; 0.057530; 0.816140; 6.562187; 0.162930; 1.717945; 5.035199; 0.102408; 0.749725; 4.023410; 0.080204; 2.944898; 5.034865; 0.289167; 1.156108; 5.037537; 0.098195; 0.041249; 5.552543; -0.225985; 0.334918; 2.205698; 4; 0.542230; 0.000000; 0.457382; 0.542230; 1.570796; 0.457382; 0.542230; 3.141593; 0.457382; 0.542230; 4.712389; 0.457382; 
129; 240; 9020; 8; 0.001805; 2.488123; 2.949642; 0.053992; 0.753384; 5.993108; 0.206834; 1.847658; 4.889222; 0.087655; 0.923751; 3.854055; 0.053469; 2.530241; 5.554563; 0.306064; 1.706552; 4.496918; 0.049034; 0.043262; 5.160860; -0.154357; 0.692955; 1.382332; 4; 0.542987; 0.000000; 0.448378; 0.542987; 1.570796; 0.448378; 0.542987; 3.141593; 0.448378; 0.542987; 4.712389; 0.448378; 
130; 117; 9011; 8; 0.001558; 3.365089; 2.784018; 0.052459; 0.829386; 6.207280; 0.141843; 1.391811; 4.182099; 0.094581; 1.227923; 3.979900; 0.084191; 3.113206; 6.164572; 0.342248; 1.359043; 5.141070; 0.061353; 0.035228; 5.970328; -0.222114; 0.750006; 1.900796; 4; 0.543065; 0.000000; 0.365589; 0.543065; 1.570796; 0.365589; 0.543065; 3.141593; 0.365589; 0.543065; 4.712389; 0.365589; 
131; 1; 8981; 8; 0.001449; 2.956851; 2.416562; 0.069656; 0.695004; 6.370036; 0.199483; 1.822544; 5.422252; 0.125104; 0.846441; 4.123490; 0.073851; 4.027852; 5.736305; 0.357052; 1.435653; 4.389596; 0.049876; 0.040790; 5.966488; -0.215674; 0.787289; 2.399851; 4; 0.517009; 0.000000; 0.430733; 0.517009; 1.570796; 0.430733; 0.517009; 3.141593; 0.430733; 0.517009; 4.712389; 0.430733; 
132; 201; 8979; 8; 0.001499; 2.560587; 2.833074; 0.049368; 0.711584; 6.542882; 0.138490; 1.383175; 4.030373; 0.100446; 0.927729; 4.055577; 0.080868; 5.588234; 5.655533; 0.310366; 1.318337; 5.128727; 0.073908; 0.038873; 5.730689; -0.205646; 0.533489; 1.985428; 4; 0.526871; 0.000000; 0.362859; 0.526871; 1.570796; 0.362859; 0.526871; 3.141593; 0.362859; 0.526871; 4.712389; 0.362859; 
133; 177; 8943; 8; 0.001562; 2.636383; 3.056305; 0.059329; 0.807619; 5.546822; 0.135743; 1.638693; 4.352270; 0.100232; 1.016619; 3.822741; 0.036681; 3.047531; 6.023109; 0.341502; 1.274313; 4.567887; 0.076226; 0.038416; 5.854367; -0.234495; 0.347344; 1.699762; 4; 0.529604; 0.000000; 0.342175; 0.529604; 1.570796; 0.342175; 0.529604; 3.141593; 0.342175; 0.529604; 4.712389; 0.342175; 
134; 103; 8927; 8; 0.001641; 3.258705; 2.978397; 0.055944; 0.848973; 5.958706; 0.124582; 1.748566; 4.251798; 0.117638; 0.882492; 3.731276; 0.089301; 4.514643; 5.173716; 0.273594; 1.315450; 6.235386; 0.054294; 0.066488; 5.007511; -0.203438; 0.648250; 1.947210; 4; 0.506258; 0.000000; 0.471889; 0.506258; 1.570796; 0.471889; 0.506258; 3.141593; 0.471889; 0.506258; 4.712389; 0.471889; 
135; 239; 8904; 8; 0.001634; 2.634463; 2.938205; 0.056249; 0.739824; 6.907781; 0.150241; 1.386618; 5.581599; 0.131279; 1.073310; 3.762585; 0.084575; 2.541594; 5.886501; 0.316913; 1.350168; 3.811396; 0.061685; 0.069137; 5.221665; -0.207745; 0.842009; 2.239149; 4; 0.523736; 0.000000; 0.398829; 0.523736; 1.570796; 0.398829; 0.523736; 3.141593; 0.398829; 0.523736; 4.712389; 0.398829; 
136; 218; 8884; 8; 0.001310; 2.575949; 2.599197; 0.053891; 0.672075; 6.866595; 0.113062; 1.757410; 5.563024; 0.119966; 0.894226; 3.314059; 0.078130; 3.220977; 4.660914; 0.325800; 1.600188; 4.562928; 0.052008; 0.068266; 5.403390; -0.253539; 0.663113; 2.004601; 4; 0.502517; 0.000000; 0.412078; 0.502517; 1.570796; 0.412078; 0.502517; 3.141593; 0.412078; 0.502517; 4.712389; 0.412078; 
137; 116; 8817; 8; 0.001648; 2.630696; 2.765188; 0.055055; 0.685248; 7.084604; 0.124556; 1.446610; 4.764671; 0.117915; 1.032769; 3.430277; 0.074515; 5.763700; 5.417291; 0.298723; 1.411785; 4.399354; 0.078291; 0.039046; 5.074835; -0.181655; 0.342979; 1.737693; 4; 0.526656; 0.000000; 0.374951; 0.526656; 1.570796; 0.374951; 0.526656; 3.141593; 0.374951; 0.526656; 4.712389; 0.374951; 
138; 16; 8810; 8; 0.001556; 2.785731; 2.495995; 0.061963; 0.680131; 6.410649; 0.138362; 1.556747; 5.043972; 0.094189; 1.076146; 3.728403; 0.077166; 3.783666; 5.458019; 0.414510; 1.022138; 5.180733; 0.066014; 0.038730; 6.074667; -0.180495; 1.149153; 2.058179; 4; 0.490547; 0.000000; 0.462605; 0.490547; 1.570796; 0.462605; 0.490547; 3.141593; 0.462605; 0.490547; 4.712389; 0.462605; 
139; 134; 8809; 8; 0.001511; 2.895200; 2.982403; 0.051524; 0.788176; 6.854073; 0.149589; 1.747036; 6.034540; 0.098554; 1.070169; 3.016963; 0.068863; 2.964631; 4.556785; 0.384116; 1.182928; 4.455134; 0.091780; 0.038567; 6.095103; -0.141862; 0.410071; 1.792398; 4; 0.535680; 0.000000; 0.502925; 0.535680; 1.570796; 0.502925; 0.535680; 3.141593; 0.502925; 0.535680; 4.712389; 0.502925; 
140; 142; 8801; 8; 0.001504; 2.895611; 2.667762; 0.070553; 0.788074; 5.863935; 0.186177; 1.723557; 4.712714; 0.133815; 1.082261; 3.277583; 0.089987; 3.334425; 4.283059; 0.252623; 1.280444; 4.393225; 0.064957; 0.039697; 4.008454; -0.176479; 0.707066; 1.974850; 4; 0.487164; 0.000000; 0.421812; 0.487164; 1.570796; 0.421812; 0.487164; 3.141593; 0.421812; 0.487164; 4.712389; 0.421812; 
141; 130; 8796; 8; 0.001658; 3.111734; 2.021349; 0.054720; 0.751017; 7.053949; 0.136867; 1.677912; 4.803886; 0.126606; 1.144950; 2.985356; 0.083231; 2.675796; 5.065473; 0.303507; 1.131259; 4.460667; 0.046723; 0.039712; 4.737314; -0.167029; 0.869634; 1.985604; 4; 0.510726; 0.000000; 0.444121; 0.510726; 1.570796; 0.444121; 0.510726; 3.141593; 0.444121; 0.510726; 4.712389; 0.444121; 
142; 231; 8789; 8; 0.001512; 2.662694; 2.854662; 0.054694; 0.775281; 6.902939; 0.129399; 1.726541; 4.903469; 0.107977; 0.756091; 3.495182; 0.080616; 2.858978; 4.874294; 0.312225; 1.739628; 4.266005; 0.081747; 0.039207; 5.634818; -0.273919; 0.304060; 2.051783; 4; 0.497140; 0.000000; 0.462193; 0.497140; 1.570796; 0.462193; 0.497140; 3.141593; 0.462193; 0.497140; 4.712389; 0.462193; 
143; 56; 8784; 8; 0.001504; 3.360897; 2.955225; 0.051169; 0.695937; 6.176135; 0.182550; 1.683558; 4.331671; 0.123186; 0.834396; 3.270521; 0.088791; 3.958057; 4.545235; 0.352466; 1.212712; 4.480863; 0.080506; 0.034807; 4.733089; -0.175966; 0.711904; 1.850436; 4; 0.546244; 0.000000; 0.406933; 0.546244; 1.570796; 0.406933; 0.546244; 3.141593; 0.406933; 0.546244; 4.712389; 0.406933; 
144; 255; 8755; 8; 0.001642; 3.100756; 2.619779; 0.048447; 0.754601; 5.837835; 0.111397; 1.633208; 4.244614; 0.072689; 1.192126; 2.949827; 0.085591; 3.258083; 4.173653; 0.327715; 1.508718; 3.956839; 0.049284; 0.038449; 4.643956; -0.230992; 0.550287; 1.975286; 4; 0.491430; 0.000000; 0.390964; 0.491430; 1.570796; 0.390964; 0.491430; 3.141593; 0.390964; 0.491430; 4.712389; 0.390964; 
145; 215; 8738; 8; 0.001323; 3.395688; 2.864798; 0.077281; 0.813203; 7.384601; 0.095366; 1.783573; 4.919434; 0.122734; 1.082101; 3.470256; 0.093810; 3.377962; 5.207332; 0.321660; 1.336639; 4.582273; 0.049620; 0.037342; 5.517118; -0.171832; 0.874169; 2.276651; 4; 0.546893; 0.000000; 0.428948; 0.546893; 1.570796; 0.428948; 0.546893; 3.141593; 0.428948; 0.546893; 4.712389; 0.428948; 
146; 11; 8709; 8; 0.001596; 2.768154; 2.590933; 0.044364; 0.800641; 7.483338; 0.183977; 1.843540; 4.732719; 0.099776; 0.949047; 4.310702; 0.073104; 3.262670; 6.133836; 0.345129; 0.997682; 4.312141; 0.054475; 0.064457; 5.159396; -0.215413; 0.907023; 1.973215; 4; 0.517089; 0.000000; 0.394090; 0.517089; 1.570796; 0.394090; 0.517089; 3.141593; 0.394090; 0.517089; 4.712389; 0.394090; 
147; 7; 8677; 8; 0.001551; 3.074685; 3.048467; 0.056882; 0.670430; 5.829077; 0.177585; 1.636402; 4.680319; 0.115485; 0.844538; 3.541582; 0.084416; 4.026751; 4.251337; 0.340191; 1.326766; 4.231001; 0.052983; 0.038720; 4.710692; -0.215561; 0.693611; 1.721141; 4; 0.488216; 0.000000; 0.437459; 0.488216; 1.570796; 0.437459; 0.488216; 3.141593; 0.437459; 0.488216; 4.712389; 0.437459; 
148; 212; 8670; 8; 0.001460; 2.806076; 2.841804; 0.054872; 0.726975; 7.021786; 0.157277; 1.322816; 4.590663; 0.121074; 1.031327; 3.244241; 0.086223; 3.283129; 5.354859; 0.321267; 1.181383; 4.175727; 0.060001; 0.043629; 4.411418; -0.223312; 0.362512; 2.269723; 4; 0.492866; 0.000000; 0.447798; 0.492866; 1.570796; 0.447798; 0.492866; 3.141593; 0.447798; 0.492866; 4.712389; 0.447798; 
149; 184; 8590; 8; 0.001659; 3.253724; 2.866829; 0.049131; 0.750084; 6.395333; 0.106409; 1.338347; 4.095834; 0.095603; 0.909547; 3.926448; 0.086678; 3.563895; 6.157668; 0.328089; 1.404005; 5.113011; 0.059118; 0.047298; 5.894427; -0.203068; 0.770983; 1.869699; 4; 0.520221; 0.000000; 0.379879; 0.520221; 1.570796; 0.379879; 0.520221; 3.141593; 0.379879; 0.520221; 4.712389; 0.379879; 
150; 64; 8578; 8; 0.001235; 2.516126; 2.691166; 0.055719; 0.675326; 6.684700; 0.124457; 1.874503; 5.244786; 0.122992; 0.873636; 3.280937; 0.065135; 3.011904; 4.601058; 0.340746; 1.730996; 4.759330; 0.054811; 0.066425; 5.448438; -0.194401; 0.647091; 1.961256; 4; 0.479122; 0.000000; 0.430986; 0.479122; 1.570796; 0.430986; 0.479122; 3.141593; 0.430986; 0.479122; 4.712389; 0.430986; 
151; 139; 8522; 8; 0.001548; 3.346620; 2.129804; 0.057496; 0.764650; 6.109155; 0.132914; 1.163772; 4.754235; 0.133129; 0.831171; 3.476248; 0.071642; 3.043123; 5.108463; 0.306999; 1.306547; 4.943643; 0.091641; 0.038209; 4.686436; -0.202237; 0.788799; 2.109142; 4; 0.544405; 0.000000; 0.454464; 0.544405; 1.570796; 0.454464; 0.544405; 3.141593; 0.454464; 0.544405; 4.712389; 0.454464; 
152; 159; 8518; 8; 0.001259; 2.537566; 2.818511; 0.057584; 0.605433; 6.080842; 0.119648; 1.569354; 4.151538; 0.119673; 0.877195; 3.623432; 0.075535; 3.122193; 5.927704; 0.335326; 1.713521; 4.849370; 0.053662; 0.035615; 6.063621; -0.203704; 0.730177; 1.831917; 4; 0.531285; 0.000000; 0.362716; 0.531285; 1.570796; 0.362716; 0.531285; 3.141593; 0.362716; 0.531285; 4.712389; 0.362716; 
153; 149; 8511; 8; 0.001132; 2.729127; 2.796401; 0.056285; 0.851592; 7.082719; 0.133540; 1.762875; 4.201893; 0.117016; 0.992953; 3.020969; 0.070733; 4.403477; 4.334703; 0.322597; 1.270238; 4.665234; 0.093071; 0.044864; 5.243386; -0.194000; 0.863672; 2.363931; 4; 0.512584; 0.000000; 0.511436; 0.512584; 1.570796; 0.511436; 0.512584; 3.141593; 0.511436; 0.512584; 4.712389; 0.511436; 
154; 43; 8499; 8; 0.001648; 3.444772; 2.766427; 0.045658; 0.609801; 5.777464; 0.153064; 1.281928; 4.253452; 0.151918; 0.926297; 4.146153; 0.078985; 3.344002; 6.165967; 0.323607; 1.327690; 4.962148; 0.102370; 0.044355; 5.602047; -0.221665; 0.824423; 1.821319; 4; 0.527408; 0.000000; 0.377165; 0.527408; 1.570796; 0.377165; 0.527408; 3.141593; 0.377165; 0.527408; 4.712389; 0.377165; 
155; 81; 8498; 8; 0.001516; 2.991278; 2.321292; 0.058893; 0.853126; 5.948617; 0.145288; 1.198811; 4.331579; 0.114411; 0.764061; 3.701280; 0.051136; 3.523120; 6.387607; 0.323508; 1.266026; 5.174164; 0.052978; 0.042038; 3.790881; -0.222351; 0.330492; 1.522893; 4; 0.519188; 0.000000; 0.345780; 0.519188; 1.570796; 0.345780; 0.519188; 3.141593; 0.345780; 0.519188; 4.712389; 0.345780; 
156; 76; 8467; 8; 0.001363; 3.866192; 2.987517; 0.057528; 0.719240; 5.832752; 0.184716; 1.604323; 4.327546; 0.113139; 1.089829; 3.276234; 0.073476; 3.656314; 4.416011; 0.326917; 1.128258; 4.461570; 0.054447; 0.036000; 3.790240; -0.223553; 0.683807; 1.997091; 4; 0.539337; 0.000000; 0.412161; 0.539337; 1.570796; 0.412161; 0.539337; 3.141593; 0.412161; 0.539337; 4.712389; 0.412161; 
157; 173; 8435; 8; 0.001410; 2.892618; 2.808189; 0.055102; 0.603480; 5.897710; 0.216220; 1.625610; 4.881115; 0.112517; 1.023644; 3.622522; 0.070763; 3.918311; 5.816502; 0.313527; 1.451325; 4.546404; 0.052103; 0.029647; 5.810273; -0.206956; 0.699092; 1.436317; 4; 0.555011; 0.000000; 0.408272; 0.555011; 1.570796; 0.408272; 0.555011; 3.141593; 0.408272; 0.555011; 4.712389; 0.408272; 
158; 168; 8422; 8; 0.001293; 3.050118; 2.888721; 0.058678; 0.599378; 6.174819; 0.158304; 1.705879; 4.767606; 0.123073; 0.650930; 2.887530; 0.080049; 3.299935; 5.392901; 0.299453; 1.403788; 3.913586; 0.098407; 0.040383; 5.136722; -0.175368; 0.939684; 2.431714; 4; 0.553624; 0.000000; 0.506202; 0.553624; 1.570796; 0.506202; 0.553624; 3.141593; 0.506202; 0.553624; 4.712389; 0.506202; 
159; 148; 8419; 8; 0.001726; 3.778351; 2.586448; 0.071736; 0.738469; 7.069804; 0.213321; 1.252035; 4.453519; 0.138406; 0.960571; 2.797421; 0.033787; 3.584683; 4.422005; 0.328185; 1.404038; 4.571823; 0.059209; 0.039129; 5.436333; -0.216898; 0.759897; 1.748885; 4; 0.498633; 0.000000; 0.460523; 0.498633; 1.570796; 0.460523; 0.498633; 3.141593; 0.460523; 0.498633; 4.712389; 0.460523; 
160; 180; 8389; 8; 0.001634; 2.847933; 2.664770; 0.073623; 0.833421; 6.786747; 0.101158; 1.923879; 4.822163; 0.114254; 1.181978; 3.226028; 0.085120; 3.566962; 4.619367; 0.348259; 1.197263; 4.579437; 0.094197; 0.042845; 5.160460; -0.209828; 0.826255; 2.299139; 4; 0.563310; 0.000000; 0.423625; 0.563310; 1.570796; 0.423625; 0.563310; 3.141593; 0.423625; 0.563310; 4.712389; 0.423625; 
161; 204; 8379; 8; 0.001082; 2.691830; 2.962094; 0.055119; 0.813598; 5.923693; 0.197128; 1.735006; 4.392884; 0.114651; 0.903773; 3.307745; 0.074327; 3.617132; 4.114441; 0.340226; 1.364804; 4.201670; 0.059882; 0.036625; 3.675730; -0.173569; 0.699507; 1.643941; 4; 0.514056; 0.000000; 0.457199; 0.514056; 1.570796; 0.457199; 0.514056; 3.141593; 0.457199; 0.514056; 4.712389; 0.457199; 
162; 179; 8326; 8; 0.001972; 2.624364; 2.210419; 0.069856; 0.767798; 7.127559; 0.212364; 1.369315; 4.811878; 0.129529; 0.932904; 3.665274; 0.046486; 3.473550; 5.410432; 0.355237; 1.268159; 4.502196; 0.053059; 0.045969; 5.004462; -0.194567; 0.759892; 2.248792; 4; 0.496871; 0.000000; 0.439819; 0.496871; 1.570796; 0.439819; 0.496871; 3.141593; 0.439819; 0.496871; 4.712389; 0.439819; 
163; 25; 8317; 8; 0.001893; 2.695700; 2.815421; 0.051458; 0.805901; 6.525359; 0.144322; 1.667217; 5.009697; 0.107989; 0.741804; 4.376384; 0.077803; 3.132403; 4.912992; 0.304003; 1.077264; 5.071780; 0.098408; 0.047091; 5.405042; -0.236721; 0.337125; 2.208085; 4; 0.547835; 0.000000; 0.438801; 0.547835; 1.570796; 0.438801; 0.547835; 3.141593; 0.438801; 0.547835; 4.712389; 0.438801; 
164; 77; 8315; 8; 0.001442; 2.507685; 3.237174; 0.062046; 0.840573; 6.191399; 0.124098; 2.171839; 4.281279; 0.112813; 0.894541; 3.056702; 0.069991; 4.944966; 5.372486; 0.354563; 1.065314; 3.931781; 0.089081; 0.064519; 5.440127; -0.248539; 0.661436; 1.408990; 4; 0.527345; 0.000000; 0.427355; 0.527345; 1.570796; 0.427355; 0.527345; 3.141593; 0.427355; 0.527345; 4.712389; 0.427355; 
165; 87; 8270; 8; 0.001940; 2.978602; 2.459215; 0.072257; 0.793664; 7.535135; 0.149297; 1.438074; 4.946704; 0.130095; 0.959616; 3.612657; 0.048977; 3.338975; 5.192061; 0.310545; 1.143862; 4.867998; 0.052714; 0.046614; 4.631863; -0.207082; 0.692861; 2.138033; 4; 0.499481; 0.000000; 0.449383; 0.499481; 1.570796; 0.449383; 0.499481; 3.141593; 0.449383; 0.499481; 4.712389; 0.449383; 
166; 3; 8159; 8; 0.001612; 3.140851; 2.704795; 0.059740; 0.654568; 6.196673; 0.076674; 1.865815; 4.172168; 0.106421; 0.758558; 2.943099; 0.064077; 4.167237; 4.047742; 0.309701; 1.485250; 4.856088; 0.080103; 0.058116; 4.517910; -0.238601; 0.637436; 1.631844; 4; 0.571297; 0.000000; 0.538454; 0.571297; 1.570796; 0.538454; 0.571297; 3.141593; 0.538454; 0.571297; 4.712389; 0.538454; 
167; 13; 8133; 8; 0.001562; 2.808564; 2.155719; 0.058043; 0.828462; 6.190715; 0.164878; 1.429771; 5.030973; 0.113221; 1.096724; 3.297656; 0.080967; 3.865718; 5.335627; 0.335733; 1.427561; 5.036613; 0.070216; 0.039371; 5.932310; -0.183584; 1.116704; 2.067995; 4; 0.551324; 0.000000; 0.467397; 0.551324; 1.570796; 0.467397; 0.551324; 3.141593; 0.467397; 0.551324; 4.712389; 0.467397; 
168; 46; 8130; 8; 0.001588; 2.975256; 3.368231; 0.056442; 0.786616; 6.998240; 0.150439; 1.811819; 4.630977; 0.129434; 1.014460; 2.997881; 0.081999; 3.276144; 4.753737; 0.308998; 1.624466; 3.688258; 0.059552; 0.066303; 5.307794; -0.213249; 0.511745; 1.455936; 4; 0.458462; 0.000000; 0.431619; 0.458462; 1.570796; 0.431619; 0.458462; 3.141593; 0.431619; 0.458462; 4.712389; 0.431619; 
169; 198; 8024; 8; 0.001487; 3.062017; 2.408376; 0.057037; 0.667568; 7.129234; 0.182847; 1.507304; 4.304070; 0.082484; 0.818459; 3.582001; 0.085693; 3.683295; 5.388516; 0.357733; 1.527857; 4.938719; 0.087093; 0.046177; 5.840718; -0.252359; 0.658408; 1.734862; 4; 0.492930; 0.000000; 0.414943; 0.492930; 1.570796; 0.414943; 0.492930; 3.141593; 0.414943; 0.492930; 4.712389; 0.414943; 
170; 74; 8016; 8; 0.001589; 3.373378; 3.415845; 0.058706; 0.876652; 6.886731; 0.136127; 1.889471; 4.338968; 0.091526; 0.906242; 3.173808; 0.043080; 3.618074; 4.564988; 0.354617; 1.588239; 3.713306; 0.056600; 0.070000; 5.198048; -0.187421; 0.460831; 1.485475; 4; 0.468475; 0.000000; 0.408429; 0.468475; 1.570796; 0.408429; 0.468475; 3.141593; 0.408429; 0.468475; 4.712389; 0.408429; 
171; 169; 8008; 8; 0.001573; 2.914220; 2.267838; 0.059876; 0.798530; 7.079808; 0.117449; 1.444175; 4.155988; 0.116769; 1.071709; 3.469189; 0.093229; 3.475333; 5.271324; 0.366013; 1.076352; 4.419452; 0.091548; 0.044931; 4.372371; -0.205807; 0.881866; 2.077475; 4; 0.499662; 0.000000; 0.408134; 0.499662; 1.570796; 0.408134; 0.499662; 3.141593; 0.408134; 0.499662; 4.712389; 0.408134; 
172; 190; 7884; 8; 0.001354; 2.218493; 2.717052; 0.049563; 0.641192; 6.794219; 0.121299; 1.763723; 5.171283; 0.105556; 0.824311; 3.775455; 0.085244; 3.572871; 5.652157; 0.324988; 1.350835; 4.932919; 0.052892; 0.033777; 5.599211; -0.186614; 0.687149; 2.397675; 4; 0.517320; 0.000000; 0.468855; 0.517320; 1.570796; 0.468855; 0.517320; 3.141593; 0.468855; 0.517320; 4.712389; 0.468855; 
173; 171; 7883; 8; 0.001510; 3.270422; 2.417727; 0.052395; 0.659049; 6.786023; 0.148820; 1.748571; 4.323218; 0.114308; 0.960597; 3.113431; 0.094619; 3.131463; 4.034425; 0.336036; 1.407214; 4.738274; 0.094412; 0.041200; 4.507730; -0.232379; 0.695365; 1.662699; 4; 0.518479; 0.000000; 0.381004; 0.518479; 1.570796; 0.381004; 0.518479; 3.141593; 0.381004; 0.518479; 4.712389; 0.381004; 
174; 68; 7797; 8; 0.001306; 3.237650; 2.789172; 0.046994; 0.659206; 6.696598; 0.119709; 1.888360; 5.307391; 0.103387; 1.055912; 3.226577; 0.080291; 3.309140; 4.865515; 0.311218; 1.311975; 4.224755; 0.060057; 0.047607; 5.415488; -0.189670; 0.500015; 1.950448; 4; 0.527676; 0.000000; 0.421185; 0.527676; 1.570796; 0.421185; 0.527676; 3.141593; 0.421185; 0.527676; 4.712389; 0.421185; 
175; 216; 7723; 8; 0.001898; 2.750045; 2.457893; 0.075614; 0.770152; 6.949590; 0.141960; 1.421681; 4.758139; 0.121015; 0.950197; 3.592453; 0.044305; 3.165280; 4.827849; 0.364290; 1.193785; 4.509355; 0.091514; 0.045207; 4.524601; -0.238232; 0.743208; 2.095115; 4; 0.543083; 0.000000; 0.405976; 0.543083; 1.570796; 0.405976; 0.543083; 3.141593; 0.405976; 0.543083; 4.712389; 0.405976; 
176; 228; 7596; 8; 0.001610; 2.842731; 2.795993; 0.053836; 0.749403; 6.069220; 0.174524; 1.656009; 4.970881; 0.119087; 1.065342; 4.387795; 0.079270; 2.973800; 5.004740; 0.333782; 1.488381; 5.173978; 0.073341; 0.044913; 4.927238; -0.207281; 0.712648; 2.146817; 4; 0.506971; 0.000000; 0.466757; 0.506971; 1.570796; 0.466757; 0.506971; 3.141593; 0.466757; 0.506971; 4.712389; 0.466757; 
177; 61; 7544; 8; 0.001277; 2.754410; 2.860323; 0.058252; 0.759660; 5.434379; 0.189228; 1.753896; 4.360872; 0.112250; 0.934291; 3.266744; 0.081535; 3.750710; 4.051584; 0.343206; 1.346182; 4.404200; 0.059949; 0.036723; 3.947687; -0.210508; 0.701643; 1.882915; 4; 0.514581; 0.000000; 0.410756; 0.514581; 1.570796; 0.410756; 0.514581; 3.141593; 0.410756; 0.514581; 4.712389; 0.410756; 
178; 52; 7521; 8; 0.001397; 3.056208; 2.705461; 0.055951; 0.694836; 7.402934; 0.159335; 1.750669; 5.190108; 0.115427; 0.919256; 3.370613; 0.048993; 3.534636; 5.113980; 0.316124; 1.500351; 4.246612; 0.069983; 0.046616; 5.281249; -0.190687; 0.641621; 1.949713; 4; 0.474470; 0.000000; 0.449477; 0.474470; 1.570796; 0.449477; 0.474470; 3.141593; 0.449477; 0.474470; 4.712389; 0.449477; 
179; 29; 7485; 8; 0.001392; 2.644445; 2.875512; 0.058395; 0.705280; 7.041047; 0.132021; 1.451858; 5.793096; 0.100795; 1.016058; 3.310652; 0.086478; 2.542034; 5.817336; 0.331196; 1.358676; 4.154688; 0.054015; 0.047762; 4.783691; -0.158554; 0.832449; 2.360527; 4; 0.540587; 0.000000; 0.385045; 0.540587; 1.570796; 0.385045; 0.540587; 3.141593; 0.385045; 0.540587; 4.712389; 0.385045; 
180; 245; 7365; 8; 0.001549; 2.669645; 2.806844; 0.063094; 0.787787; 5.925951; 0.144138; 1.669571; 4.165181; 0.121552; 0.876913; 3.548956; 0.044392; 3.679869; 5.520369; 0.270023; 0.999240; 4.736609; 0.090871; 0.051426; 5.701205; -0.252701; 0.731117; 1.737382; 4; 0.461936; 0.000000; 0.432555; 0.461936; 1.570796; 0.432555; 0.461936; 3.141593; 0.432555; 0.461936; 4.712389; 0.432555; 
181; 40; 7350; 8; 0.001360; 2.635327; 2.525226; 0.072267; 0.973784; 7.059164; 0.142749; 1.740160; 4.353122; 0.112512; 0.915642; 3.724096; 0.081995; 3.358634; 4.997424; 0.331336; 1.155282; 4.792729; 0.064869; 0.036732; 5.065761; -0.224580; 0.323653; 2.406231; 4; 0.549877; 0.000000; 0.413767; 0.549877; 1.570796; 0.413767; 0.549877; 3.141593; 0.413767; 0.549877; 4.712389; 0.413767; 
182; 50; 7257; 8; 0.001904; 2.962743; 3.302806; 0.065673; 0.895467; 6.984192; 0.120421; 1.824842; 5.346992; 0.119664; 0.804982; 4.455745; 0.052981; 3.468465; 6.408145; 0.324997; 1.500728; 4.443412; 0.040595; 0.054973; 4.932940; -0.161300; 0.469057; 2.110889; 4; 0.491576; 0.000000; 0.316878; 0.491576; 1.570796; 0.316878; 0.491576; 3.141593; 0.316878; 0.491576; 4.712389; 0.316878; 
183; 62; 6811; 8; 0.001495; 3.135368; 2.279486; 0.059548; 0.873632; 6.043905; 0.107545; 1.912214; 5.287245; 0.111811; 1.048703; 3.373158; 0.078660; 3.847122; 5.229657; 0.388742; 1.617628; 5.110648; 0.049835; 0.040504; 5.955505; -0.208765; 0.716311; 2.012877; 4; 0.513565; 0.000000; 0.473001; 0.513565; 1.570796; 0.473001; 0.513565; 3.141593; 0.473001; 0.513565; 4.712389; 0.473001; 
184; 51; 6719; 8; 0.001366; 2.862164; 2.785409; 0.058169; 0.662958; 7.340327; 0.140619; 1.379383; 4.499410; 0.106499; 1.044290; 3.374777; 0.051088; 3.417707; 5.253935; 0.277617; 1.221036; 4.396475; 0.093029; 0.044175; 4.238870; -0.181193; 0.840114; 2.153522; 4; 0.537476; 0.000000; 0.438619; 0.537476; 1.570796; 0.438619; 0.537476; 3.141593; 0.438619; 0.537476; 4.712389; 0.438619; 
185; 59; 6631; 8; 0.001606; 3.172190; 2.149838; 0.049005; 0.753953; 7.035537; 0.118443; 1.624874; 4.576369; 0.116417; 1.120352; 3.029870; 0.079629; 3.051502; 5.009568; 0.313448; 1.259244; 4.264819; 0.046040; 0.039613; 5.012062; -0.170607; 0.852117; 1.960820; 4; 0.497572; 0.000000; 0.424676; 0.497572; 1.570796; 0.424676; 0.497572; 3.141593; 0.424676; 0.497572; 4.712389; 0.424676; 
186; 151; 6403; 8; 0.001804; 2.640497; 2.979344; 0.065759; 0.916117; 6.875634; 0.204885; 1.847440; 4.570375; 0.108938; 0.931943; 4.039074; 0.049141; 3.069136; 6.025627; 0.348643; 1.496378; 5.344038; 0.051947; 0.051866; 5.395672; -0.190401; 0.590937; 1.976528; 4; 0.513188; 0.000000; 0.259267; 0.513188; 1.570796; 0.259267; 0.513188; 3.141593; 0.259267; 0.513188; 4.712389; 0.259267; 
187; 196; 6398; 8; 0.001642; 3.186375; 2.113404; 0.050768; 0.770979; 7.283982; 0.180732; 1.362594; 4.471347; 0.111568; 1.160043; 3.318370; 0.076955; 3.384964; 5.104890; 0.357487; 1.237359; 4.583237; 0.046821; 0.041245; 4.864828; -0.212223; 0.859877; 1.911718; 4; 0.529303; 0.000000; 0.444782; 0.529303; 1.570796; 0.444782; 0.529303; 3.141593; 0.444782; 0.529303; 4.712389; 0.444782; 
188; 18; 5975; 8; 0.001253; 3.052115; 2.711969; 0.059813; 0.640626; 6.565935; 0.137630; 1.400054; 4.237127; 0.111892; 1.020289; 3.386898; 0.037994; 3.398128; 5.661328; 0.321503; 1.179203; 4.330638; 0.060877; 0.046679; 4.642376; -0.231042; 0.360166; 2.273039; 4; 0.498177; 0.000000; 0.455396; 0.498177; 1.570796; 0.455396; 0.498177; 3.141593; 0.455396; 0.498177; 4.712389; 0.455396; 
189; 123; 5838; 8; 0.001330; 2.554057; 2.394006; 0.075528; 0.690849; 5.950452; 0.122632; 1.285737; 4.189938; 0.097355; 0.952355; 3.753806; 0.052365; 8.121901; 5.944992; 0.314371; 1.504366; 4.913459; 0.098406; 0.044596; 3.954413; -0.193018; 0.887142; 1.424784; 4; 0.549823; 0.000000; 0.352803; 0.549823; 1.570796; 0.352803; 0.549823; 3.141593; 0.352803; 0.549823; 4.712389; 0.352803; 
190; 95; 5795; 8; 0.001721; 3.113761; 2.094918; 0.073128; 0.782589; 6.796883; 0.191772; 1.395536; 4.637647; 0.094168; 1.018451; 3.320355; 0.039624; 3.355339; 4.932706; 0.314856; 1.420372; 4.646014; 0.047394; 0.039822; 5.153176; -0.170025; 0.859288; 2.080698; 4; 0.542590; 0.000000; 0.456979; 0.542590; 1.570796; 0.456979; 0.542590; 3.141593; 0.456979; 0.542590; 4.712389; 0.456979; 
191; 210; 5630; 8; 0.001524; 2.544933; 3.012540; 0.057631; 0.724275; 5.772155; 0.158102; 1.850826; 5.154935; 0.123888; 0.986769; 4.482896; 0.083996; 3.455550; 5.074668; 0.335917; 1.250182; 4.846382; 0.093376; 0.041390; 5.188866; -0.189856; 0.711686; 2.015230; 4; 0.527940; 0.000000; 0.469620; 0.527940; 1.570796; 0.469620; 0.527940; 3.141593; 0.469620; 0.527940; 4.712389; 0.469620; 
192; 202; 5085; 8; 0.001506; 2.124358; 2.652376; 0.058268; 0.852434; 6.523263; 0.143156; 1.839171; 4.606460; 0.112382; 1.155969; 3.578708; 0.083612; 3.521893; 5.043908; 0.307479; 1.323391; 5.751228; 0.050344; 0.053495; 5.889556; -0.193663; 0.338665; 1.659343; 4; 0.520382; 0.000000; 0.420571; 0.520382; 1.570796; 0.420571; 0.520382; 3.141593; 0.420571; 0.520382; 4.712389; 0.420571; 
193; 178; 4863; 8; 0.001675; 2.895775; 2.246220; 0.061007; 0.841342; 6.418833; 0.218554; 1.620839; 5.083799; 0.111448; 1.068481; 3.587741; 0.078061; 3.769454; 4.938939; 0.381614; 1.557258; 5.051668; 0.068522; 0.040476; 5.960842; -0.170312; 1.152317; 2.091782; 4; 0.549069; 0.000000; 0.444716; 0.549069; 1.570796; 0.444716; 0.549069; 3.141593; 0.444716; 0.549069; 4.712389; 0.444716; 
194; 194; 4717; 8; 0.001575; 2.486807; 3.626933; 0.053338; 0.725864; 7.145129; 0.186138; 1.535069; 5.281638; 0.118176; 0.816973; 4.168810; 0.052886; 8.487350; 5.597090; 0.374766; 1.301984; 4.869650; 0.097522; 0.046935; 6.862900; -0.190117; 0.946360; 1.644447; 4; 0.551049; 0.000000; 0.464264; 0.551049; 1.570796; 0.464264; 0.551049; 3.141593; 0.464264; 0.551049; 4.712389; 0.464264; 
195; 252; 4558; 8; 0.001682; 2.402127; 3.030842; 0.078743; 0.698077; 5.935049; 0.201431; 1.926433; 4.519061; 0.130513; 0.963750; 4.267555; 0.064361; 2.622237; 5.163169; 0.327923; 1.153987; 4.374977; 0.085112; 0.044761; 5.574659; -0.238165; 0.850615; 1.401633; 4; 0.505376; 0.000000; 0.439618; 0.505376; 1.570796; 0.439618; 0.505376; 3.141593; 0.439618; 0.505376; 4.712389; 0.439618; 
196; 211; 4370; 8; 0.001559; 2.987532; 2.507664; 0.056159; 0.713118; 5.942787; 0.205548; 1.846730; 5.102726; 0.109031; 0.736915; 3.692319; 0.080870; 4.049830; 5.814339; 0.385489; 1.299104; 4.033029; 0.092330; 0.042982; 5.718176; -0.263961; 0.662882; 2.252416; 4; 0.484451; 0.000000; 0.443323; 0.484451; 1.570796; 0.443323; 0.484451; 3.141593; 0.443323; 0.484451; 4.712389; 0.443323; 
197; 30; 3936; 8; 0.001273; 3.001616; 2.775489; 0.051408; 0.698181; 6.970919; 0.140167; 1.394556; 4.605391; 0.133899; 1.025659; 3.365981; 0.052591; 3.431402; 5.227396; 0.304424; 1.262328; 4.110408; 0.066834; 0.046021; 4.420841; -0.173885; 0.781321; 2.311482; 4; 0.519292; 0.000000; 0.432008; 0.519292; 1.570796; 0.432008; 0.519292; 3.141593; 0.432008; 0.519292; 4.712389; 0.432008; 
198; 20; 3612; 8; 0.001158; 3.307026; 2.997509; 0.069267; 0.909152; 6.900150; 0.180491; 1.945748; 4.986278; 0.140902; 1.052495; 2.842688; 0.088209; 4.724203; 4.606118; 0.298860; 1.244596; 4.534818; 0.083368; 0.041503; 6.132279; -0.181675; 0.358493; 1.880388; 4; 0.520161; 0.000000; 0.497050; 0.520161; 1.570796; 0.497050; 0.520161; 3.141593; 0.497050; 0.520161; 4.712389; 0.497050; 
199; 248; 3535; 8; 0.001185; 2.971844; 2.678155; 0.063039; 0.616939; 6.351005; 0.156692; 1.482209; 4.806693; 0.111310; 0.896095; 2.955049; 0.052352; 2.732625; 5.164675; 0.379792; 1.174676; 4.415120; 0.051527; 0.064879; 5.463402; -0.174272; 0.902456; 2.351913; 4; 0.509063; 0.000000; 0.485755; 0.509063; 1.570796; 0.485755; 0.509063; 3.141593; 0.485755; 0.509063; 4.712389; 0.485755; 
200; 217; 3340; 8; 0.001271; 2.771636; 2.828051; 0.054920; 0.718834; 7.161669; 0.120442; 1.493471; 4.401556; 0.116921; 1.006031; 3.076847; 0.051713; 9.101312; 5.122809; 0.291387; 1.247888; 4.326943; 0.087109; 0.038127; 4.977547; -0.172579; 0.314788; 1.808858; 4; 0.540068; 0.000000; 0.418144; 0.540068; 1.570796; 0.418144; 0.540068; 3.141593; 0.418144; 0.540068; 4.712389; 0.418144; 
201; 242; 3238; 8; 0.001701; 2.359761; 2.898065; 0.081286; 0.654249; 6.216666; 0.200024; 1.969732; 4.828065; 0.112065; 1.173091; 4.247661; 0.058183; 2.343035; 5.422003; 0.307841; 1.148420; 4.438134; 0.054393; 0.044130; 5.621902; -0.203137; 0.693307; 1.377298; 4; 0.542703; 0.000000; 0.433728; 0.542703; 1.570796; 0.433728; 0.542703; 3.141593; 0.433728; 0.542703; 4.712389; 0.433728; 
202; 246; 2506; 8; 0.001169; 3.618129; 2.907023; 0.052751; 0.750686; 6.392429; 0.109804; 1.887952; 5.034867; 0.102236; 0.988006; 2.885685; 0.033907; 3.831054; 4.523487; 0.343237; 1.259258; 4.349476; 0.097785; 0.041279; 5.856394; -0.173666; 0.386711; 1.968166; 4; 0.483125; 0.000000; 0.490604; 0.483125; 1.570796; 0.490604; 0.483125; 3.141593; 0.490604; 0.483125; 4.712389; 0.490604; 
203; 104; 2196; 8; 0.001227; 3.091201; 2.847143; 0.064740; 0.703688; 7.233594; 0.156014; 1.380060; 4.348931; 0.109211; 1.018349; 3.348838; 0.091785; 3.350514; 5.530045; 0.304899; 1.112680; 4.384651; 0.057940; 0.053244; 4.322262; -0.191250; 0.719745; 2.460148; 4; 0.535175; 0.000000; 0.433227; 0.535175; 1.570796; 0.433227; 0.535175; 3.141593; 0.433227; 0.535175; 4.712389; 0.433227; 
204; 110; 2120; 8; 0.001539; 2.274263; 3.098816; 0.055783; 0.738538; 6.448472; 0.192861; 1.927307; 4.802736; 0.126243; 0.705273; 3.742256; 0.100217; 5.309773; 6.977388; 0.399953; 0.914864; 5.497352; 0.065191; 0.047360; 5.244421; -0.218945; 0.573479; 1.880053; 4; 0.514252; 0.000000; 0.247022; 0.514252; 1.570796; 0.247022; 0.514252; 3.141593; 0.247022; 0.514252; 4.712389; 0.247022; 
205; 181; 1119; 8; 0.001721; 2.456870; 2.241126; 0.051534; 0.683032; 6.694440; 0.188905; 1.921429; 4.470286; 0.100264; 1.148018; 3.718423; 0.074729; 3.082990; 4.911303; 0.320646; 1.551247; 4.829738; 0.052959; 0.040050; 4.475216; -0.210867; 0.784990; 2.017555; 4; 0.508688; 0.000000; 0.408106; 0.508688; 1.570796; 0.408106; 0.508688; 3.141593; 0.408106; 0.508688; 4.712389; 0.408106; 
206; 222; -242; 8; 0.001495; 2.601116; 3.107331; 0.066572; 0.762072; 6.213095; 0.126581; 2.068340; 4.338370; 0.125012; 1.190917; 3.179746; 0.080384; 3.954875; 5.627414; 0.344904; 1.227446; 4.034565; 0.088460; 0.065164; 5.024250; -0.187660; 0.414591; 1.457156; 4; 0.510961; 0.000000; 0.405822; 0.510961; 1.570796; 0.405822; 0.510961; 3.141593; 0.405822; 0.510961; 4.712389; 0.405822; 
207; 98; -4284; 8; 0.001442; 3.110540; 2.938518; 0.059332; 0.738018; 6.639123; 0.121347; 1.537933; 4.504211; 0.116631; 0.858738; 4.076227; 0.067230; 3.163364; 6.976094; 0.268598; 0.956479; 4.865587; 0.047896; 0.036505; 5.025625; -0.213104; 0.638610; 2.188574; 4; 0.500203; 0.000000; 0.345722; 0.500203; 1.570796; 0.345722; 0.500203; 3.141593; 0.345722; 0.500203; 4.712389; 0.345722; 
208; 48; -11907; 8; 0.001326; 2.970906; 2.667435; 0.058561; 0.733085; 6.167332; 0.195744; 1.979029; 4.470961; 0.124984; 0.939836; 3.091270; 0.048480; 3.247024; 3.959740; 0.327379; 1.515933; 3.574455; 0.048080; 0.051494; 5.098873; -0.220039; 0.507584; 1.822546; 4; 0.540010; 0.000000; 0.371516; 0.540010; 1.570796; 0.371516; 0.540010; 3.141593; 0.371516; 0.540010; 4.712389; 0.371516; 
209; 219; -14222; 8; 0.001183; 3.443431; 3.010800; 0.056987; 0.833926; 6.680623; 0.187996; 1.874135; 5.194033; 0.104156; 1.003479; 2.826031; 0.065053; 3.675442; 4.583559; 0.294719; 1.189442; 4.343368; 0.055702; 0.040370; 5.864242; -0.178118; 0.389922; 2.033731; 4; 0.515911; 0.000000; 0.517813; 0.515911; 1.570796; 0.517813; 0.515911; 3.141593; 0.517813; 0.515911; 4.712389; 0.517813; 
210; 127; -15190; 8; 0.001682; 2.694506; 2.262320; 0.052587; 0.739336; 6.374051; 0.183959; 1.867524; 4.636141; 0.082937; 1.246313; 3.217229; 0.051384; 4.740823; 6.301520; 0.319951; 1.163598; 4.492273; 0.053231; 0.044132; 5.580114; -0.196104; 0.525534; 1.700072; 4; 0.497736; 0.000000; 0.493315; 0.497736; 1.570796; 0.493315; 0.497736; 3.141593; 0.493315; 0.497736; 4.712389; 0.493315; 
211; 37; -54847; 8; 0.001713; 2.235376; 2.491984; 0.052179; 0.609481; 6.118864; 0.147400; 1.731902; 4.715543; 0.112104; 1.140754; 3.914723; 0.051878; 3.681637; 5.734959; 0.267120; 1.135049; 4.217440; 0.094928; 0.036094; 5.420229; -0.181617; 0.721074; 2.215533; 4; 0.511941; 0.000000; 0.415097; 0.511941; 1.570796; 0.415097; 0.511941; 3.141593; 0.415097; 0.511941; 4.712389; 0.415097; 
212; 45; -275200; 8; 0.001391; 3.613122; 3.106394; 0.073299; 0.890444; 6.555110; 0.137223; 1.604747; 4.623933; 0.106250; 1.198402; 4.148366; 0.091263; 3.028952; 6.466696; 0.306899; 1.004568; 4.908498; 0.057323; 0.048209; 5.221985; -0.242621; 0.571890; 2.078049; 4; 0.524550; 0.000000; 0.239998; 0.524550; 1.570796; 0.239998; 0.524550; 3.141593; 0.239998; 0.524550; 4.712389; 0.239998; 
213; 120; -275212; 8; 0.001406; 2.862895; 3.015867; 0.076437; 0.722964; 6.938675; 0.112008; 1.729296; 4.700910; 0.126505; 0.878226; 4.244544; 0.041644; 2.990170; 7.250476; 0.383485; 1.085315; 4.667494; 0.091735; 0.056375; 5.053171; -0.212138; 0.540410; 2.192784; 4; 0.536431; 0.000000; 0.313577; 0.536431; 1.570796; 0.313577; 0.536431; 3.141593; 0.313577; 0.536431; 4.712389; 0.313577; 
214; 176; -275420; 8; 0.001418; 3.054243; 3.170047; 0.073776; 0.734074; 7.087511; 0.085376; 1.601310; 5.330220; 0.127508; 0.773617; 4.050564; 0.082218; 3.156317; 5.385576; 0.386023; 1.201905; 4.574701; 0.063959; 0.049865; 6.647085; -0.204777; 0.512375; 1.754543; 4; 0.542115; 0.000000; 0.421568; 0.542115; 1.570796; 0.421568; 0.542115; 3.141593; 0.421568; 0.542115; 4.712389; 0.421568; 
215; 150; -275509; 8; 0.001339; 2.792417; 3.082859; 0.069938; 0.848532; 6.489069; 0.196299; 1.704607; 4.669943; 0.122536; 0.920399; 4.396069; 0.093273; 3.443885; 6.964628; 0.292717; 1.050521; 4.799675; 0.099939; 0.059894; 4.594273; -0.144093; 0.545057; 2.229136; 4; 0.505828; 0.000000; 0.322683; 0.505828; 1.570796; 0.322683; 0.505828; 3.141593; 0.322683; 0.505828; 4.712389; 0.322683; 
216; 49; -275522; 8; 0.001696; 2.818299; 2.931075; 0.059398; 0.666939; 6.834876; 0.189879; 2.151574; 4.263311; 0.113354; 0.918633; 3.092811; 0.048225; 3.610955; 5.037380; 0.289266; 1.115672; 4.699418; 0.053195; 0.036738; 5.613625; -0.200373; 0.659555; 1.604529; 4; 0.480126; 0.000000; 0.388604; 0.480126; 1.570796; 0.388604; 0.480126; 3.141593; 0.388604; 0.480126; 4.712389; 0.388604; 
217; 138; -275538; 8; 0.001682; 2.834090; 2.914870; 0.060295; 0.697220; 6.644102; 0.115976; 1.777005; 4.891824; 0.114864; 1.031265; 3.630820; 0.087880; 2.744060; 5.117127; 0.327776; 1.340512; 4.117284; 0.049113; 0.062709; 4.582470; -0.194275; 0.922454; 2.182795; 4; 0.558755; 0.000000; 0.413157; 0.558755; 1.570796; 0.413157; 0.558755; 3.141593; 0.413157; 0.558755; 4.712389; 0.413157; 
218; 72; -275634; 8; 0.001626; 2.591662; 2.764429; 0.066788; 0.917536; 6.810618; 0.196165; 1.441830; 5.420186; 0.108054; 0.911689; 3.295524; 0.049889; 3.168860; 5.589148; 0.310684; 1.491078; 4.052355; 0.045144; 0.048148; 5.052281; -0.155181; 0.476197; 2.027741; 4; 0.509658; 0.000000; 0.490567; 0.509658; 1.570796; 0.490567; 0.509658; 3.141593; 0.490567; 0.509658; 4.712389; 0.490567; 
219; 249; -275890; 8; 0.001601; 2.735717; 2.015201; 0.059965; 0.687424; 6.500581; 0.140389; 1.155709; 4.760255; 0.100494; 1.146277; 3.739207; 0.038400; 3.879113; 5.592701; 0.355225; 1.451280; 4.701563; 0.057380; 0.042839; 6.960745; -0.195983; 0.718575; 1.448708; 4; 0.508090; 0.000000; 0.433441; 0.508090; 1.570796; 0.433441; 0.508090; 3.141593; 0.433441; 0.508090; 4.712389; 0.433441; 
220; 131; -276200; 8; 0.001434; 3.255249; 2.920985; 0.058376; 0.778299; 7.298257; 0.200977; 1.770810; 4.421771; 0.093351; 1.247642; 3.250630; 0.063819; 3.984367; 4.747140; 0.335949; 1.108924; 3.450315; 0.052826; 0.033305; 4.290422; -0.210496; 0.370760; 1.809355; 4; 0.551903; 0.000000; 0.393530; 0.551903; 1.570796; 0.393530; 0.551903; 3.141593; 0.393530; 0.551903; 4.712389; 0.393530; 
221; 19; -276435; 8; 0.001699; 3.508994; 2.796362; 0.058330; 0.700271; 6.542284; 0.135762; 1.189253; 5.349481; 0.113428; 1.087479; 2.907639; 0.057254; 3.443206; 4.789277; 0.345048; 1.419057; 4.258054; 0.049164; 0.040460; 6.107211; -0.220341; 0.551985; 1.904014; 4; 0.510907; 0.000000; 0.478330; 0.510907; 1.570796; 0.478330; 0.510907; 3.141593; 0.478330; 0.510907; 4.712389; 0.478330; 
222; 121; -276619; 8; 0.001525; 3.365038; 3.072667; 0.057299; 0.704132; 6.725357; 0.123122; 1.432634; 5.218220; 0.128714; 0.989029; 3.774103; 0.087399; 3.384859; 6.748596; 0.328758; 0.961664; 5.784071; 0.064901; 0.044087; 5.221174; -0.164043; 0.576097; 2.022172; 4; 0.505825; 0.000000; 0.242311; 0.505825; 1.570796; 0.242311; 0.505825; 3.141593; 0.242311; 0.505825; 4.712389; 0.242311; 
223; 224; -277229; 8; 0.001734; 2.588818; 3.151893; 0.061883; 0.767397; 7.006161; 0.150749; 1.269261; 5.521631; 0.127460; 0.762021; 4.057798; 0.044462; 4.196796; 5.163236; 0.363411; 1.407108; 4.853811; 0.080045; 0.047249; 7.151624; -0.176582; 0.541082; 1.761698; 4; 0.543132; 0.000000; 0.441407; 0.543132; 1.570796; 0.441407; 0.543132; 3.141593; 0.441407; 0.543132; 4.712389; 0.441407; 
224; 70; -279574; 8; 0.001648; 2.493639; 2.560083; 0.058202; 0.624503; 6.284959; 0.136047; 1.393008; 4.926624; 0.134027; 1.177726; 4.066049; 0.050237; 3.900737; 4.994470; 0.370043; 1.311033; 4.171716; 0.088474; 0.039454; 4.471927; -0.194607; 0.801093; 1.725630; 4; 0.497124; 0.000000; 0.358553; 0.497124; 1.570796; 0.358553; 0.497124; 3.141593; 0.358553; 0.497124; 4.712389; 0.358553; 
225; 32; -279963; 8; 0.001552; 3.280642; 2.888668; 0.064486; 0.619363; 6.339797; 0.178736; 1.963084; 5.060080; 0.086296; 0.919171; 3.347560; 0.085791; 3.891676; 6.387248; 0.312306; 1.361395; 4.627984; 0.046365; 0.033531; 6.448925; -0.189170; 0.688731; 1.478773; 4; 0.520685; 0.000000; 0.387153; 0.520685; 1.570796; 0.387153; 0.520685; 3.141593; 0.387153; 0.520685; 4.712389; 0.387153; 
226; 220; -282551; 8; 0.001829; 2.222784; 2.600429; 0.053851; 0.574075; 6.275446; 0.182673; 1.809182; 4.693566; 0.106953; 0.825620; 3.928657; 0.059785; 3.534691; 5.813585; 0.325090; 1.115282; 4.163880; 0.055934; 0.043071; 5.167785; -0.209780; 0.672108; 2.150548; 4; 0.532547; 0.000000; 0.449966; 0.532547; 1.570796; 0.449966; 0.532547; 3.141593; 0.449966; 0.532547; 4.712389; 0.449966; 
227; 153; -294672; 8; 0.001602; 3.034130; 2.503627; 0.057369; 0.772984; 6.771722; 0.146260; 1.758652; 4.635789; 0.098817; 0.937004; 3.737439; 0.040734; 3.758025; 5.047217; 0.297133; 1.387756; 5.449161; 0.054755; 0.052758; 5.949590; -0.189392; 0.357437; 1.646574; 4; 0.513749; 0.000000; 0.418909; 0.513749; 1.570796; 0.418909; 0.513749; 3.141593; 0.418909; 0.513749; 4.712389; 0.418909; 
228; 129; -308368; 8; 0.001477; 2.263490; 2.208457; 0.051762; 0.725290; 6.084021; 0.124348; 1.859968; 4.831842; 0.080753; 1.251590; 3.262856; 0.083317; 3.534951; 6.856713; 0.323105; 1.181457; 4.679747; 0.053975; 0.050259; 5.686849; -0.185047; 0.541031; 1.695861; 4; 0.552090; 0.000000; 0.468983; 0.552090; 1.570796; 0.468983; 0.552090; 3.141593; 0.468983; 0.552090; 4.712389; 0.468983; 
229; 113; -510499; 8; 0.001470; 2.745352; 2.793705; 0.056440; 0.699209; 7.028348; 0.171292; 1.486893; 5.099806; 0.117457; 1.065581; 3.546998; 0.092706; 2.264664; 5.773485; 0.297043; 1.350841; 3.856843; 0.059601; 0.070845; 4.925112; -0.189597; 0.855126; 2.136795; 4; 0.514750; 0.000000; 0.391831; 0.514750; 1.570796; 0.391831; 0.514750; 3.141593; 0.391831; 0.514750; 4.712389; 0.391831; 
230; 24; -799999999; 8; 0.001485; 2.992629; 2.543696; 0.054845; 0.814161; 6.613694; 0.110201; 1.585693; 4.206011; 0.097848; 0.888630; 3.670448; 0.068711; 4.788847; 7.595241; 0.333280; 1.089281; 5.121261; 0.049551; 0.045139; 5.498945; -0.216199; 0.676108; 1.725838; 4; 0.566659; 0.000000; 0.420739; 0.566659; 1.570796; 0.420739; 0.566659; 3.141593; 0.420739; 0.566659; 4.712389; 0.420739; 
231; 133; -799999999; 8; 0.001568; 2.631533; 2.670843; 0.059454; 0.623032; 7.538623; 0.113468; 2.065151; 4.341912; 0.121428; 1.103695; 3.845255; 0.041135; 3.563594; 7.242880; 0.340511; 1.031414; 4.788765; 0.048365; 0.035198; 5.610618; -0.201570; 0.701130; 1.806326; 4; 0.494084; 0.000000; 0.462189; 0.494084; 1.570796; 0.462189; 0.494084; 3.141593; 0.462189; 0.494084; 4.712389; 0.462189; 
232; 213; -799999999; 8; 0.001455; 2.223707; 2.691773; 0.057619; 0.627400; 6.941821; 0.125261; 1.759917; 4.988960; 0.113881; 0.810851; 3.550225; 0.081948; 3.450226; 5.728675; 0.311161; 1.409172; 4.755859; 0.091337; 0.048352; 5.187294; -0.215015; 0.680917; 2.183864; 4; 0.491817; 0.000000; 0.490347; 0.491817; 1.570796; 0.490347; 0.491817; 3.141593; 0.490347; 0.491817; 4.712389; 0.490347; 
233; 214; -799999999; 8; 0.001610; 2.565870; 2.943087; 0.052763; 0.551134; 6.593522; 0.195050; 1.361758; 4.822139; 0.150804; 0.746164; 4.189845; 0.055668; 2.740533; 5.168537; 0.317427; 1.433479; 4.881449; 0.097465; 0.041512; 5.520778; -0.200536; 0.342805; 2.219017; 4; 0.553485; 0.000000; 0.482740; 0.553485; 1.570796; 0.482740; 0.553485; 3.141593; 0.482740; 0.553485; 4.712389; 0.482740; 
234; 23; -799999999; 8; 0.001533; 2.989100; 2.666881; 0.056805; 0.791459; 7.017885; 0.168762; 1.153748; 4.016256; 0.109018; 0.900786; 3.535276; 0.053804; 4.762964; 7.006977; 0.341728; 1.455338; 5.173984; 0.054944; 0.039795; 5.241000; -0.227157; 0.618155; 1.751828; 4; 0.480357; 0.000000; 0.458457; 0.480357; 1.570796; 0.458457; 0.480357; 3.141593; 0.458457; 0.480357; 4.712389; 0.458457; 
235; 107; -799999999; 8; 0.001599; 3.088062; 2.692969; 0.053061; 0.685694; 7.932868; 0.180606; 1.515871; 4.883195; 0.109958; 0.878199; 3.355775; 0.039720; 3.653098; 5.895289; 0.338555; 1.272367; 4.180156; 0.061066; 0.069873; 5.284557; -0.260041; 0.873116; 2.328420; 4; 0.529950; 0.000000; 0.360313; 0.529950; 1.570796; 0.360313; 0.529950; 3.141593; 0.360313; 0.529950; 4.712389; 0.360313; 
236; 203; -799999999; 8; 0.001595; 2.976810; 2.587788; 0.058046; 0.784694; 7.227675; 0.153377; 1.194277; 4.152179; 0.109198; 0.941962; 3.762775; 0.074209; 4.704457; 7.587925; 0.353466; 1.104383; 4.827747; 0.096522; 0.047685; 5.755030; -0.243421; 0.634965; 1.746473; 4; 0.542341; 0.000000; 0.479214; 0.542341; 1.570796; 0.479214; 0.542341; 3.141593; 0.479214; 0.542341; 4.712389; 0.479214; 
237; 158; -799999999; 8; 0.001352; 3.491210; 2.821071; 0.062865; 0.635910; 5.692724; 0.181692; 1.711876; 4.739555; 0.115936; 0.736935; 3.314469; 0.066561; 4.588290; 8.319927; 0.377904; 1.538798; 3.918547; 0.055857; 0.051161; 5.695292; -0.156543; 0.807850; 1.801759; 4; 0.550230; 0.000000; 0.489836; 0.550230; 1.570796; 0.489836; 0.550230; 3.141593; 0.489836; 0.550230; 4.712389; 0.489836; 
238; 83; -799999999; 8; 0.001812; 2.672550; 2.902894; 0.055451; 0.717993; 7.060827; 0.226953; 1.408222; 4.032420; 0.104371; 0.922911; 3.857891; 0.085736; 3.457077; 5.770304; 0.333423; 1.158731; 5.334546; 0.088841; 0.038155; 5.506308; -0.220105; 0.546653; 1.930834; 4; 0.550525; 0.000000; 0.373052; 0.550525; 1.570796; 0.373052; 0.550525; 3.141593; 0.373052; 0.550525; 4.712389; 0.373052; 
239; 78; -799999999; 8; 0.001550; 3.003314; 2.769255; 0.055872; 0.699541; 7.870008; 0.166461; 1.382639; 5.168058; 0.108375; 0.872480; 3.536843; 0.040474; 3.533001; 5.902084; 0.342255; 1.302728; 4.379262; 0.055575; 0.040974; 5.222705; -0.152214; 0.882963; 2.157977; 4; 0.549975; 0.000000; 0.379603; 0.549975; 1.570796; 0.379603; 0.549975; 3.141593; 0.379603; 0.549975; 4.712389; 0.379603; 
240; 101; -799999999; 8; 0.001475; 3.595431; 2.648224; 0.050270; 0.672968; 7.628078; 0.105142; 1.963223; 4.623313; 0.097988; 1.042675; 3.498783; 0.032389; 2.913375; 6.910090; 0.375972; 1.058226; 4.809155; 0.049065; 0.036871; 5.380699; -0.204672; 0.509248; 1.846242; 4; 0.527702; 0.000000; 0.464858; 0.527702; 1.570796; 0.464858; 0.527702; 3.141593; 0.464858; 0.527702; 4.712389; 0.464858; 
241; 85; -799999999; 8; 0.001572; 2.861498; 2.601445; 0.056749; 0.766512; 7.158965; 0.182906; 1.714157; 4.154105; 0.103862; 0.890075; 3.606321; 0.074797; 4.834564; 7.139762; 0.380674; 1.046748; 4.682947; 0.049116; 0.041995; 5.030074; -0.243019; 0.641834; 1.812902; 4; 0.526806; 0.000000; 0.473674; 0.526806; 1.570796; 0.473674; 0.526806; 3.141593; 0.473674; 0.526806; 4.712389; 0.473674; 
242; 35; -799999999; 8; 0.001676; 3.339970; 3.035062; 0.055469; 0.787393; 7.503773; 0.195283; 1.656987; 4.367225; 0.090541; 1.177526; 3.360973; 0.074017; 2.530195; 5.097137; 0.329988; 1.153401; 3.907703; 0.049618; 0.043133; 4.680758; -0.163751; 0.924273; 1.684214; 4; 0.527887; 0.000000; 0.405845; 0.527887; 1.570796; 0.405845; 0.527887; 3.141593; 0.405845; 0.527887; 4.712389; 0.405845; 
243; 26; -799999999; 8; 0.001511; 3.507522; 2.758334; 0.068152; 0.558329; 7.005367; 0.216984; 1.632639; 3.935145; 0.102183; 1.065054; 3.278485; 0.070638; 3.794348; 4.240754; 0.302466; 1.344942; 4.307214; 0.053770; 0.032203; 4.801666; -0.204685; 0.666286; 1.819316; 4; 0.534385; 0.000000; 0.426379; 0.534385; 1.570796; 0.426379; 0.534385; 3.141593; 0.426379; 0.534385; 4.712389; 0.426379; 
244; 185; -899999999; 8; 0.001350; 3.027389; 3.202443; 0.066575; 0.629474; 6.179175; 0.203898; 1.398857; 4.726103; 0.101778; 0.900885; 4.113578; 0.074756; 3.344864; 6.679979; 0.334867; 0.907619; 5.435666; 0.045108; 0.033615; 4.416571; -0.214160; 0.546861; 2.309837; 4; 0.559567; 0.000000; 0.303985; 0.559567; 1.570796; 0.303985; 0.559567; 3.141593; 0.303985; 0.559567; 4.712389; 0.303985; 
245; 146; -899999999; 8; 0.001250; 2.609509; 2.687711; 0.054113; 0.625343; 6.172300; 0.203742; 1.889746; 4.368349; 0.090030; 0.967613; 4.163515; 0.067232; 2.430065; 5.706128; 0.292246; 1.690105; 4.319209; 0.053200; 0.043813; 5.807171; -0.269688; 0.653297; 1.397418; 4; 0.580324; 0.000000; 0.456160; 0.580324; 1.570796; 0.456160; 0.580324; 3.141593; 0.456160; 0.580324; 4.712389; 0.456160; 
246; 234; -899999999; 8; 0.001717; 2.673998; 2.927019; 0.049953; 0.826055; 6.774023; 0.217399; 1.632397; 5.151432; 0.154118; 0.994773; 3.798651; 0.070705; 2.947022; 6.269936; 0.289118; 1.338070; 4.800214; 0.055046; 0.062654; 4.848716; -0.154514; 0.567001; 1.961859; 4; 0.554414; 0.000000; 0.251313; 0.554414; 1.570796; 0.251313; 0.554414; 3.141593; 0.251313; 0.554414; 4.712389; 0.251313; 
247; 55; -899999999; 8; 0.001413; 2.577352; 2.890525; 0.046376; 0.773124; 7.512263; 0.215168; 1.686496; 5.059739; 0.127972; 0.714893; 3.613357; 0.066436; 3.713486; 5.256291; 0.294792; 1.234048; 4.107621; 0.058177; 0.056116; 4.198783; -0.207942; 0.566354; 2.271545; 4; 0.568719; 0.000000; 0.412362; 0.568719; 1.570796; 0.412362; 0.568719; 3.141593; 0.412362; 0.568719; 4.712389; 0.412362; 
248; 155; -899999999; 8; 0.001624; 2.631217; 2.870928; 0.066310; 0.740176; 6.601132; 0.113359; 1.750330; 5.011578; 0.127028; 1.264331; 4.123680; 0.051950; 3.482092; 4.646479; 0.330444; 1.386933; 4.414631; 0.090200; 0.040751; 5.937223; -0.159937; 0.464657; 2.333702; 4; 0.567484; 0.000000; 0.384648; 0.567484; 1.570796; 0.384648; 0.567484; 3.141593; 0.384648; 0.567484; 4.712389; 0.384648; 
249; 99; -899999999; 8; 0.001430; 3.318150; 2.574161; 0.062585; 0.637165; 6.295698; 0.173932; 1.715510; 4.912337; 0.114764; 0.709629; 3.245316; 0.065616; 4.344206; 7.792901; 0.355718; 1.394460; 3.758562; 0.059477; 0.054263; 5.979474; -0.208867; 0.695744; 1.733583; 4; 0.586426; 0.000000; 0.472944; 0.586426; 1.570796; 0.472944; 0.586426; 3.141593; 0.472944; 0.586426; 4.712389; 0.472944; 
250; 238; -899999999; 8; 0.001448; 3.092425; 3.086392; 0.054223; 0.724639; 6.972137; 0.114079; 1.713389; 4.319544; 0.102706; 1.151090; 4.205941; 0.084509; 3.028131; 7.208631; 0.384706; 1.044702; 4.620512; 0.105284; 0.056069; 4.670555; -0.223584; 0.512200; 2.172567; 4; 0.544306; 0.000000; 0.294428; 0.544306; 1.570796; 0.294428; 0.544306; 3.141593; 0.294428; 0.544306; 4.712389; 0.294428; 
251; 41; -899999999; 8; 0.001482; 3.056761; 2.306855; 0.052769; 0.738438; 5.965210; 0.112306; 1.277416; 4.336864; 0.096605; 0.975784; 3.737161; 0.056451; 8.493092; 6.215673; 0.326677; 1.403885; 5.373961; 0.050750; 0.040327; 3.928088; -0.209225; 0.919824; 1.489982; 4; 0.557468; 0.000000; 0.353583; 0.557468; 1.570796; 0.353583; 0.557468; 3.141593; 0.353583; 0.557468; 4.712389; 0.353583; 
252; 90; -899999999; 8; 0.001625; 4.196157; 2.773770; 0.053466; 0.889290; 6.694928; 0.203317; 1.753824; 4.328214; 0.109787; 1.077812; 4.091108; 0.049759; 2.866050; 6.962014; 0.336952; 1.269221; 4.808509; 0.058073; 0.046554; 5.107163; -0.183623; 0.543956; 2.146500; 4; 0.547383; 0.000000; 0.247143; 0.547383; 1.570796; 0.247143; 0.547383; 3.141593; 0.247143; 0.547383; 4.712389; 0.247143; 
253; 8; -899999999; 8; 0.001882; 3.254989; 3.164822; 0.059072; 0.721376; 6.510960; 0.183756; 1.832124; 4.985912; 0.122043; 0.840998; 4.516378; 0.056490; 3.156591; 6.459405; 0.288527; 1.397908; 4.361941; 0.055532; 0.053898; 5.354198; -0.191611; 0.593756; 2.007916; 4; 0.553823; 0.000000; 0.322469; 0.553823; 1.570796; 0.322469; 0.553823; 3.141593; 0.322469; 0.553823; 4.712389; 0.322469; 
254; 67; -899999999; 8; 0.001706; 3.131282; 2.563853; 0.056620; 0.839140; 6.237698; 0.141500; 1.169334; 4.512931; 0.112881; 1.289861; 3.781923; 0.083389; 3.313766; 5.811199; 0.314713; 1.292183; 4.658544; 0.094001; 0.038966; 3.634070; -0.208247; 0.680814; 1.552451; 4; 0.562277; 0.000000; 0.362095; 0.562277; 1.570796; 0.362095; 0.562277; 3.141593; 0.362095; 0.562277; 4.712389; 0.362095; 
255; 221; -899999999; 8; 0.001828; 2.949513; 2.536925; 0.056391; 0.798059; 7.129735; 0.136912; 1.452294; 4.707132; 0.125804; 0.895668; 3.705173; 0.090239; 3.290214; 4.915861; 0.282790; 1.211312; 4.814954; 0.053395; 0.045387; 4.368361; -0.191321; 0.356900; 2.126710; 4; 0.576160; 0.000000; 0.411144; 0.576160; 1.570796; 0.411144; 0.576160; 3.141593; 0.411144; 0.576160; 4.712389; 0.411144; 
